{
	"stats": {
		"minecraft:custom": {
			"minecraft:interact_with_crafting_table": 409,
			"minecraft:bell_ring": 6,
			"minecraft:leave_game": 31,
			"minecraft:time_since_death": 123639,
			"minecraft:damage_blocked_by_shield": 11430,
			"minecraft:play_time": 5281947,
			"minecraft:deaths": 36,
			"minecraft:jump": 16093,
			"minecraft:enchant_item": 8,
			"minecraft:interact_with_furnace": 226,
			"minecraft:play_record": 2,
			"minecraft:traded_with_villager": 292,
			"minecraft:interact_with_cartography_table": 1,
			"minecraft:sleep_in_bed": 96,
			"minecraft:damage_dealt": 101776,
			"minecraft:interact_with_smoker": 1,
			"minecraft:inspect_dispenser": 2,
			"minecraft:horse_one_cm": 30027,
			"minecraft:interact_with_smithing_table": 7,
			"minecraft:interact_with_anvil": 9,
			"minecraft:inspect_hopper": 87,
			"minecraft:sneak_time": 41279,
			"minecraft:interact_with_blast_furnace": 3,
			"minecraft:total_world_time": 5281947,
			"minecraft:interact_with_stonecutter": 22,
			"minecraft:time_since_rest": 37032,
			"minecraft:swim_one_cm": 2503,
			"minecraft:fly_one_cm": 83237,
			"minecraft:open_chest": 1687,
			"minecraft:fall_one_cm": 115896,
			"minecraft:animals_bred": 91,
			"minecraft:sprint_one_cm": 292509,
			"minecraft:drop": 355,
			"minecraft:talked_to_villager": 377,
			"minecraft:interact_with_brewingstand": 13,
			"minecraft:walk_on_water_one_cm": 429556,
			"minecraft:interact_with_loom": 9,
			"minecraft:crouch_one_cm": 89621,
			"minecraft:mob_kills": 710,
			"minecraft:fill_cauldron": 2,
			"minecraft:climb_one_cm": 13084,
			"minecraft:walk_one_cm": 32161098,
			"minecraft:raid_win": 1,
			"minecraft:walk_under_water_one_cm": 412786,
			"minecraft:boat_one_cm": 8160403,
			"minecraft:raid_trigger": 1,
			"minecraft:pot_flower": 4,
			"minecraft:interact_with_grindstone": 4,
			"minecraft:damage_taken": 23058,
			"minecraft:minecart_one_cm": 185486
		},
		"minecraft:killed": {
			"minecraft:skeleton": 62,
			"minecraft:magma_cube": 73,
			"minecraft:pillager": 20,
			"minecraft:zombie": 183,
			"minecraft:glow_squid": 1,
			"minecraft:cow": 54,
			"minecraft:evoker": 3,
			"minecraft:vindicator": 21,
			"minecraft:ravager": 2,
			"minecraft:enderman": 2,
			"minecraft:zombified_piglin": 20,
			"minecraft:witch": 7,
			"minecraft:spider": 44,
			"minecraft:bee": 1,
			"minecraft:piglin_brute": 1,
			"minecraft:piglin": 6,
			"minecraft:pig": 3,
			"minecraft:zombie_villager": 8,
			"minecraft:strider": 1,
			"minecraft:creeper": 33,
			"minecraft:sheep": 9,
			"minecraft:ghast": 4,
			"minecraft:blaze": 30,
			"minecraft:vex": 3,
			"minecraft:phantom": 31,
			"minecraft:drowned": 15,
			"minecraft:hoglin": 1,
			"minecraft:squid": 16,
			"minecraft:wither_skeleton": 36,
			"minecraft:villager": 3
		},
		"minecraft:broken": {
			"minecraft:wooden_shovel": 1,
			"minecraft:shears": 1,
			"minecraft:iron_boots": 2,
			"minecraft:iron_chestplate": 2,
			"minecraft:iron_leggings": 2,
			"minecraft:iron_sword": 3,
			"minecraft:stone_sword": 1,
			"minecraft:stone_hoe": 2,
			"minecraft:wooden_pickaxe": 1,
			"minecraft:shield": 4,
			"minecraft:iron_axe": 5,
			"minecraft:iron_pickaxe": 13,
			"minecraft:iron_helmet": 2,
			"minecraft:iron_shovel": 6,
			"minecraft:golden_shovel": 2,
			"minecraft:stone_pickaxe": 71,
			"minecraft:stone_axe": 3,
			"minecraft:stone_shovel": 1,
			"minecraft:golden_axe": 1
		},
		"minecraft:crafted": {
			"minecraft:black_dye": 26,
			"minecraft:oak_sign": 6,
			"minecraft:melon": 92,
			"minecraft:pink_bed": 1,
			"minecraft:oak_pressure_plate": 10,
			"minecraft:blaze_powder": 2,
			"minecraft:chain": 12,
			"minecraft:horn_coral_block": 1,
			"minecraft:loom": 2,
			"minecraft:polished_blackstone_slab": 8,
			"minecraft:diorite_stairs": 20,
			"minecraft:lever": 2,
			"minecraft:lime_glazed_terracotta": 8,
			"minecraft:bookshelf": 27,
			"minecraft:cooked_mutton": 10,
			"minecraft:glass": 200,
			"minecraft:diamond_helmet": 1,
			"minecraft:diamond_leggings": 1,
			"minecraft:melon_seeds": 15,
			"minecraft:polished_blackstone": 40,
			"minecraft:acacia_fence": 42,
			"minecraft:black_wool": 19,
			"minecraft:flower_pot": 6,
			"minecraft:glass_bottle": 3,
			"minecraft:redstone_lamp": 4,
			"minecraft:deepslate": 452,
			"minecraft:wooden_shovel": 1,
			"minecraft:emerald": 195,
			"minecraft:cooked_porkchop": 10,
			"minecraft:glow_item_frame": 2,
			"minecraft:spruce_door": 6,
			"minecraft:smithing_table": 1,
			"minecraft:copper_ingot": 382,
			"minecraft:cobbled_deepslate_wall": 168,
			"minecraft:hay_block": 10,
			"minecraft:painting": 6,
			"minecraft:cartography_table": 1,
			"minecraft:tropical_fish_bucket": 1,
			"minecraft:stone_brick_stairs": 4,
			"minecraft:stone_slab": 6,
			"minecraft:compass": 8,
			"minecraft:iron_pickaxe": 11,
			"minecraft:iron_block": 8,
			"minecraft:acacia_door": 3,
			"minecraft:gold_ingot": 87,
			"minecraft:light_gray_dye": 6,
			"minecraft:composter": 2,
			"minecraft:spruce_fence_gate": 2,
			"minecraft:birch_stairs": 8,
			"minecraft:stone_shovel": 1,
			"minecraft:smooth_stone_slab": 4,
			"minecraft:jukebox": 1,
			"minecraft:leather_leggings": 1,
			"minecraft:iron_nugget": 243,
			"minecraft:red_banner": 7,
			"minecraft:pufferfish_bucket": 2,
			"minecraft:red_terracotta": 8,
			"minecraft:bone_meal": 21,
			"minecraft:spruce_fence": 48,
			"minecraft:pink_dye": 2,
			"minecraft:lantern": 32,
			"minecraft:dark_oak_fence": 18,
			"minecraft:spruce_stairs": 20,
			"minecraft:polished_diorite": 56,
			"minecraft:spruce_slab": 54,
			"minecraft:stone_pickaxe": 73,
			"minecraft:diamond_boots": 1,
			"minecraft:cobbled_deepslate_stairs": 388,
			"minecraft:purple_carpet": 9,
			"minecraft:redstone_block": 93,
			"minecraft:jungle_fence": 33,
			"minecraft:dark_oak_planks": 1356,
			"minecraft:wheat": 252,
			"minecraft:enchanting_table": 1,
			"minecraft:red_bed": 3,
			"minecraft:leather_helmet": 3,
			"minecraft:polished_blackstone_stairs": 4,
			"minecraft:acacia_stairs": 4,
			"minecraft:red_carpet": 18,
			"minecraft:enchanted_book": 1,
			"minecraft:orange_dye": 2,
			"minecraft:oak_fence_gate": 1,
			"minecraft:andesite_slab": 6,
			"minecraft:chainmail_boots": 1,
			"minecraft:oak_stairs": 272,
			"minecraft:iron_shovel": 7,
			"minecraft:iron_leggings": 5,
			"minecraft:armor_stand": 4,
			"minecraft:white_bed": 4,
			"minecraft:blue_carpet": 12,
			"minecraft:brick": 34,
			"minecraft:grindstone": 2,
			"minecraft:oak_planks": 1560,
			"minecraft:cobblestone_slab": 6,
			"minecraft:dark_oak_boat": 2,
			"minecraft:stone": 167,
			"minecraft:cobblestone_stairs": 231,
			"minecraft:spruce_pressure_plate": 4,
			"minecraft:dark_oak_door": 9,
			"minecraft:hopper": 6,
			"minecraft:stone_brick_slab": 48,
			"minecraft:bow": 1,
			"minecraft:iron_boots": 4,
			"minecraft:chest": 49,
			"minecraft:copper_block": 43,
			"minecraft:chiseled_stone_bricks": 64,
			"minecraft:yellow_banner": 7,
			"minecraft:stone_hoe": 5,
			"minecraft:stone_bricks": 96,
			"minecraft:oak_fence": 60,
			"minecraft:polished_diorite_slab": 14,
			"minecraft:golden_boots": 1,
			"minecraft:oak_slab": 96,
			"minecraft:item_frame": 3,
			"minecraft:cauldron": 2,
			"minecraft:crafting_table": 12,
			"minecraft:spruce_planks": 1608,
			"minecraft:iron_helmet": 4,
			"minecraft:wooden_pickaxe": 1,
			"minecraft:baked_potato": 16,
			"minecraft:brown_dye": 1,
			"minecraft:red_wool": 6,
			"minecraft:gold_block": 1,
			"minecraft:chiseled_polished_blackstone": 3,
			"minecraft:birch_planks": 52,
			"minecraft:brewing_stand": 1,
			"minecraft:pumpkin_seeds": 16,
			"minecraft:yellow_dye": 29,
			"minecraft:dark_oak_slab": 312,
			"minecraft:iron_chestplate": 4,
			"minecraft:book": 43,
			"minecraft:paper": 381,
			"minecraft:diamond_pickaxe": 1,
			"minecraft:charcoal": 4,
			"minecraft:purple_dye": 2,
			"minecraft:shield": 8,
			"minecraft:stick": 576,
			"minecraft:light_blue_dye": 2,
			"minecraft:iron_ingot": 231,
			"minecraft:leather_chestplate": 1,
			"minecraft:stone_sword": 2,
			"minecraft:black_bed": 1,
			"minecraft:dark_oak_fence_gate": 9,
			"minecraft:polished_diorite_stairs": 6,
			"minecraft:shears": 3,
			"minecraft:polished_andesite": 12,
			"minecraft:oak_door": 6,
			"minecraft:cobbled_deepslate_slab": 18,
			"minecraft:nether_brick_slab": 24,
			"minecraft:fishing_rod": 1,
			"minecraft:leather_boots": 1,
			"minecraft:furnace": 4,
			"minecraft:gray_dye": 2,
			"minecraft:dark_oak_sign": 18,
			"minecraft:polished_andesite_slab": 12,
			"minecraft:oak_trapdoor": 10,
			"minecraft:glass_pane": 560,
			"minecraft:iron_axe": 8,
			"minecraft:lime_dye": 2,
			"minecraft:cobblestone_wall": 1098,
			"minecraft:cooked_beef": 69,
			"minecraft:red_dye": 37,
			"minecraft:diamond_sword": 1,
			"minecraft:cyan_dye": 2,
			"minecraft:dark_oak_stairs": 492,
			"minecraft:iron_sword": 4,
			"minecraft:bucket": 3,
			"minecraft:stone_axe": 2,
			"minecraft:bread": 110,
			"minecraft:jungle_planks": 84,
			"minecraft:blue_dye": 8,
			"minecraft:cut_copper": 12,
			"minecraft:oak_boat": 1,
			"minecraft:jungle_door": 3,
			"minecraft:white_dye": 10,
			"minecraft:black_carpet": 21,
			"minecraft:stonecutter": 2,
			"minecraft:anvil": 1,
			"minecraft:pumpkin_pie": 28,
			"minecraft:acacia_planks": 120,
			"minecraft:torch": 988,
			"minecraft:lapis_block": 16,
			"minecraft:clay": 32,
			"minecraft:diamond_chestplate": 1
		},
		"minecraft:killed_by": {
			"minecraft:ravager": 2,
			"minecraft:vindicator": 3,
			"minecraft:zombie": 3,
			"minecraft:vex": 6,
			"minecraft:ghast": 1,
			"minecraft:creeper": 1,
			"minecraft:drowned": 4,
			"minecraft:blaze": 1,
			"minecraft:witch": 2,
			"minecraft:enderman": 1,
			"minecraft:iron_golem": 1,
			"minecraft:skeleton": 1
		},
		"minecraft:mined": {
			"minecraft:dark_oak_planks": 145,
			"minecraft:white_bed": 39,
			"minecraft:jungle_leaves": 38,
			"minecraft:obsidian": 90,
			"minecraft:granite": 462,
			"minecraft:chiseled_polished_blackstone": 3,
			"minecraft:acacia_log": 31,
			"minecraft:jungle_log": 22,
			"minecraft:oak_pressure_plate": 1,
			"minecraft:blue_wool": 46,
			"minecraft:oxeye_daisy": 2,
			"minecraft:nether_wart": 88,
			"minecraft:chiseled_stone_bricks": 3,
			"minecraft:polished_blackstone_bricks": 112,
			"minecraft:tall_seagrass": 4,
			"minecraft:magma_block": 25,
			"minecraft:fire": 80,
			"minecraft:cobbled_deepslate": 9,
			"minecraft:pumpkin": 175,
			"minecraft:moss_carpet": 2,
			"minecraft:deepslate_lapis_ore": 28,
			"minecraft:enchanting_table": 8,
			"minecraft:cave_vines": 2,
			"minecraft:dirt_path": 128,
			"minecraft:oak_stairs": 41,
			"minecraft:spruce_pressure_plate": 8,
			"minecraft:tripwire": 1,
			"minecraft:jungle_trapdoor": 1,
			"minecraft:cut_sandstone": 2,
			"minecraft:brown_mushroom": 1,
			"minecraft:kelp_plant": 1,
			"minecraft:crimson_nylium": 2,
			"minecraft:soul_fire": 1,
			"minecraft:amethyst_cluster": 5,
			"minecraft:torch": 211,
			"minecraft:blast_furnace": 2,
			"minecraft:melon": 168,
			"minecraft:dead_bush": 3,
			"minecraft:nether_brick_slab": 2,
			"minecraft:polished_diorite_slab": 5,
			"minecraft:sugar_cane": 233,
			"minecraft:bricks": 3,
			"minecraft:amethyst_block": 212,
			"minecraft:polished_diorite_stairs": 1,
			"minecraft:white_terracotta": 16,
			"minecraft:cyan_wool": 19,
			"minecraft:chain": 3,
			"minecraft:wheat": 825,
			"minecraft:lilac": 3,
			"minecraft:warped_fungus": 4,
			"minecraft:black_bed": 1,
			"minecraft:grass": 570,
			"minecraft:oak_fence_gate": 7,
			"minecraft:dark_oak_sapling": 11,
			"minecraft:loom": 1,
			"minecraft:smooth_basalt": 12,
			"minecraft:stonecutter": 2,
			"minecraft:deepslate": 5619,
			"minecraft:attached_pumpkin_stem": 1,
			"minecraft:light_blue_wool": 56,
			"minecraft:dark_oak_log": 383,
			"minecraft:sea_lantern": 1,
			"minecraft:cobbled_deepslate_slab": 13,
			"minecraft:nether_bricks": 91,
			"minecraft:dark_oak_fence": 9,
			"minecraft:spruce_fence": 1,
			"minecraft:jungle_planks": 27,
			"minecraft:crimson_roots": 5,
			"minecraft:moss_block": 18,
			"minecraft:cartography_table": 1,
			"minecraft:redstone_ore": 41,
			"minecraft:snow": 2,
			"minecraft:andesite": 519,
			"minecraft:white_glazed_terracotta": 17,
			"minecraft:potatoes": 164,
			"minecraft:vine": 27,
			"minecraft:warped_stem": 15,
			"minecraft:bamboo": 1,
			"minecraft:cut_copper": 4,
			"minecraft:white_wool": 62,
			"minecraft:smithing_table": 9,
			"minecraft:oak_slab": 10,
			"minecraft:birch_stairs": 3,
			"minecraft:glass_pane": 15,
			"minecraft:soul_sand": 79,
			"minecraft:stone_brick_slab": 56,
			"minecraft:dandelion": 39,
			"minecraft:cobbled_deepslate_wall": 2,
			"minecraft:cornflower": 8,
			"minecraft:emerald_ore": 14,
			"minecraft:warped_roots": 4,
			"minecraft:copper_ore": 170,
			"minecraft:tall_grass": 196,
			"minecraft:deepslate_gold_ore": 67,
			"minecraft:diorite": 451,
			"minecraft:warped_wart_block": 75,
			"minecraft:cobblestone_wall": 66,
			"minecraft:dark_oak_wall_sign": 4,
			"minecraft:lime_glazed_terracotta": 47,
			"minecraft:spruce_log": 580,
			"minecraft:birch_leaves": 30,
			"minecraft:jungle_fence": 3,
			"minecraft:red_wall_banner": 1,
			"minecraft:dripstone_block": 37,
			"minecraft:gravel": 116,
			"minecraft:acacia_door": 4,
			"minecraft:cobweb": 3,
			"minecraft:acacia_planks": 51,
			"minecraft:polished_blackstone": 5,
			"minecraft:stone_bricks": 32,
			"minecraft:gold_ore": 43,
			"minecraft:fern": 2,
			"minecraft:spruce_planks": 135,
			"minecraft:oak_sapling": 1,
			"minecraft:cobbled_deepslate_stairs": 126,
			"minecraft:jungle_slab": 9,
			"minecraft:cobblestone_stairs": 20,
			"minecraft:orange_wool": 3,
			"minecraft:brewing_stand": 1,
			"minecraft:cave_vines_plant": 2,
			"minecraft:budding_amethyst": 18,
			"minecraft:grass_block": 1187,
			"minecraft:cracked_polished_blackstone_bricks": 4,
			"minecraft:soul_soil": 166,
			"minecraft:polished_diorite": 2,
			"minecraft:composter": 2,
			"minecraft:gilded_blackstone": 4,
			"minecraft:glowstone": 72,
			"minecraft:iron_ore": 332,
			"minecraft:azure_bluet": 3,
			"minecraft:dark_oak_stairs": 77,
			"minecraft:pointed_dripstone": 16,
			"minecraft:spruce_slab": 22,
			"minecraft:deepslate_redstone_ore": 179,
			"minecraft:jungle_door": 1,
			"minecraft:blackstone": 105,
			"minecraft:clay": 101,
			"minecraft:jungle_stairs": 10,
			"minecraft:calcite": 11,
			"minecraft:poppy": 35,
			"minecraft:chest": 32,
			"minecraft:nether_quartz_ore": 54,
			"minecraft:cobblestone": 52,
			"minecraft:grindstone": 1,
			"minecraft:oak_planks": 46,
			"minecraft:iron_door": 1,
			"minecraft:wall_torch": 81,
			"minecraft:deepslate_copper_ore": 7,
			"minecraft:seagrass": 4,
			"minecraft:warped_nylium": 12,
			"minecraft:dark_oak_slab": 8,
			"minecraft:dark_oak_door": 2,
			"minecraft:birch_log": 34,
			"minecraft:blue_ice": 67,
			"minecraft:oak_log": 400,
			"minecraft:beetroots": 146,
			"minecraft:acacia_fence": 13,
			"minecraft:sand": 447,
			"minecraft:dirt": 621,
			"minecraft:netherrack": 1684,
			"minecraft:oak_leaves": 227,
			"minecraft:redstone_lamp": 2,
			"minecraft:crying_obsidian": 12,
			"minecraft:nether_gold_ore": 29,
			"minecraft:diamond_ore": 5,
			"minecraft:red_carpet": 18,
			"minecraft:tuff": 315,
			"minecraft:dark_oak_leaves": 2,
			"minecraft:deepslate_diamond_ore": 54,
			"minecraft:oak_door": 1,
			"minecraft:glow_lichen": 2,
			"minecraft:lever": 1,
			"minecraft:polished_andesite_slab": 8,
			"minecraft:spruce_leaves": 57,
			"minecraft:large_fern": 2,
			"minecraft:hay_block": 51,
			"minecraft:spore_blossom": 1,
			"minecraft:spruce_sapling": 4,
			"minecraft:furnace": 6,
			"minecraft:carrots": 41,
			"minecraft:polished_basalt": 3,
			"minecraft:nether_sprouts": 2,
			"minecraft:dark_oak_fence_gate": 12,
			"minecraft:gold_block": 9,
			"minecraft:nether_brick_fence": 7,
			"minecraft:bookshelf": 36,
			"minecraft:deepslate_iron_ore": 88,
			"minecraft:shroomlight": 11,
			"minecraft:lantern": 19,
			"minecraft:packed_ice": 1,
			"minecraft:stone": 4148,
			"minecraft:acacia_leaves": 3,
			"minecraft:flowering_azalea": 2,
			"minecraft:red_wool": 1,
			"minecraft:snow_block": 4,
			"minecraft:basalt": 434,
			"minecraft:spruce_door": 1,
			"minecraft:oak_fence": 86,
			"minecraft:crafting_table": 8,
			"minecraft:lectern": 2,
			"minecraft:deepslate_coal_ore": 2,
			"minecraft:red_glazed_terracotta": 3,
			"minecraft:lapis_ore": 35,
			"minecraft:polished_blackstone_brick_stairs": 1,
			"minecraft:blue_bed": 3,
			"minecraft:spruce_stairs": 7,
			"minecraft:gray_wool": 2,
			"minecraft:birch_planks": 5,
			"minecraft:cactus": 51,
			"minecraft:sea_pickle": 38,
			"minecraft:polished_blackstone_slab": 2,
			"minecraft:polished_blackstone_stairs": 1,
			"minecraft:bee_nest": 7,
			"minecraft:yellow_bed": 46,
			"minecraft:coal_ore": 1284,
			"minecraft:cocoa": 2,
			"minecraft:flower_pot": 3,
			"minecraft:gray_carpet": 1,
			"minecraft:cracked_stone_bricks": 5,
			"minecraft:potted_white_tulip": 1,
			"minecraft:small_dripleaf": 1,
			"minecraft:mossy_stone_bricks": 3
		},
		"minecraft:dropped": {
			"minecraft:clay": 1,
			"minecraft:cooked_beef": 2,
			"minecraft:cracked_stone_bricks": 3,
			"minecraft:dirt": 57,
			"minecraft:gold_nugget": 8,
			"minecraft:sand": 16,
			"minecraft:bone": 18,
			"minecraft:cobbled_deepslate": 1105,
			"minecraft:wheat": 43,
			"minecraft:rotten_flesh": 27,
			"minecraft:oak_planks": 15,
			"minecraft:jungle_trapdoor": 1,
			"minecraft:white_bed": 1,
			"minecraft:ladder": 13,
			"minecraft:leather_leggings": 2,
			"minecraft:spruce_slab": 2,
			"minecraft:egg": 6,
			"minecraft:wheat_seeds": 29,
			"minecraft:cobblestone": 312,
			"minecraft:feather": 6,
			"minecraft:granite": 52,
			"minecraft:coal": 1,
			"minecraft:oxeye_daisy": 1,
			"minecraft:oak_stairs": 3,
			"minecraft:iron_shovel": 2,
			"minecraft:string": 3,
			"minecraft:lily_pad": 77,
			"minecraft:moss_carpet": 3,
			"minecraft:stone_sword": 1,
			"minecraft:clay_ball": 4,
			"minecraft:shears": 1,
			"minecraft:potato": 5,
			"minecraft:stone": 12,
			"minecraft:spruce_planks": 1,
			"minecraft:bow": 2,
			"minecraft:birch_planks": 1,
			"minecraft:dark_oak_stairs": 5,
			"minecraft:baked_potato": 1,
			"minecraft:flint": 2,
			"minecraft:cobblestone_stairs": 2,
			"minecraft:cornflower": 1,
			"minecraft:snowball": 16,
			"minecraft:gravel": 146,
			"minecraft:white_tulip": 2,
			"minecraft:blackstone": 2,
			"minecraft:rabbit_hide": 1,
			"minecraft:gunpowder": 1,
			"minecraft:basalt": 10,
			"minecraft:oak_leaves": 2,
			"minecraft:netherrack": 10,
			"minecraft:bread": 133,
			"minecraft:oak_slab": 3,
			"minecraft:vine": 6,
			"minecraft:stick": 69,
			"minecraft:diorite": 8,
			"minecraft:torch": 2,
			"minecraft:kelp": 9,
			"minecraft:nether_wart": 1,
			"minecraft:tuff": 123,
			"minecraft:andesite": 11,
			"minecraft:oak_sapling": 2,
			"minecraft:stone_pickaxe": 1,
			"minecraft:calcite": 2
		},
		"minecraft:used": {
			"minecraft:beetroot": 3,
			"minecraft:moss_block": 18,
			"minecraft:spruce_slab": 66,
			"minecraft:polished_blackstone": 11,
			"minecraft:black_carpet": 20,
			"minecraft:chest": 75,
			"minecraft:stone": 6,
			"minecraft:soul_sand": 52,
			"minecraft:cut_copper": 11,
			"minecraft:acacia_sapling": 6,
			"minecraft:jungle_sapling": 4,
			"minecraft:polished_blackstone_slab": 2,
			"minecraft:red_wool": 1,
			"minecraft:grass_block": 1,
			"minecraft:dark_oak_slab": 320,
			"minecraft:stone_brick_stairs": 3,
			"minecraft:bow": 254,
			"minecraft:dark_oak_boat": 44,
			"minecraft:oak_sapling": 56,
			"minecraft:cooked_cod": 1,
			"minecraft:furnace": 10,
			"minecraft:acacia_fence": 53,
			"minecraft:egg": 4,
			"minecraft:potato": 210,
			"minecraft:lime_glazed_terracotta": 55,
			"minecraft:diorite": 33,
			"minecraft:spruce_door": 5,
			"minecraft:cactus": 40,
			"minecraft:wooden_pickaxe": 59,
			"minecraft:composter": 4,
			"minecraft:blast_furnace": 2,
			"minecraft:acacia_leaves": 2,
			"minecraft:pumpkin_seeds": 13,
			"minecraft:lectern": 2,
			"minecraft:white_glazed_terracotta": 21,
			"minecraft:oak_pressure_plate": 10,
			"minecraft:polished_andesite_slab": 8,
			"minecraft:diamond_sword": 1220,
			"minecraft:dark_oak_fence": 18,
			"minecraft:smithing_table": 10,
			"minecraft:oak_boat": 19,
			"minecraft:diorite_stairs": 20,
			"minecraft:oak_trapdoor": 9,
			"minecraft:stone_sword": 281,
			"minecraft:enchanting_table": 9,
			"minecraft:armor_stand": 4,
			"minecraft:cooked_salmon": 2,
			"minecraft:netherrack": 571,
			"minecraft:torch": 1275,
			"minecraft:brewing_stand": 2,
			"minecraft:anvil": 1,
			"minecraft:nether_brick_slab": 2,
			"minecraft:golden_shovel": 66,
			"minecraft:oak_fence_gate": 8,
			"minecraft:polished_diorite": 4,
			"minecraft:iron_axe": 2212,
			"minecraft:melon_seeds": 13,
			"minecraft:basalt": 227,
			"minecraft:glowstone": 1,
			"minecraft:cobbled_deepslate": 439,
			"minecraft:acacia_planks": 51,
			"minecraft:golden_axe": 35,
			"minecraft:wheat_seeds": 2085,
			"minecraft:yellow_banner": 4,
			"minecraft:water_bucket": 24,
			"minecraft:warped_stem": 2,
			"minecraft:cartography_table": 2,
			"minecraft:cauldron": 2,
			"minecraft:spruce_fence_gate": 2,
			"minecraft:crafting_table": 20,
			"minecraft:oak_slab": 92,
			"minecraft:red_bed": 3,
			"minecraft:white_bed": 42,
			"minecraft:dark_oak_fence_gate": 21,
			"minecraft:spruce_log": 178,
			"minecraft:oak_log": 1,
			"minecraft:diamond_pickaxe": 2975,
			"minecraft:iron_pickaxe": 5107,
			"minecraft:spruce_pressure_plate": 8,
			"minecraft:spruce_sapling": 54,
			"minecraft:blue_carpet": 12,
			"minecraft:pink_bed": 1,
			"minecraft:chiseled_stone_bricks": 15,
			"minecraft:cobblestone": 602,
			"minecraft:cooked_porkchop": 10,
			"minecraft:glass_pane": 537,
			"minecraft:jukebox": 1,
			"minecraft:iron_shovel": 2407,
			"minecraft:oak_sign": 6,
			"minecraft:shield": 299,
			"minecraft:white_terracotta": 8,
			"minecraft:iron_sword": 1026,
			"minecraft:nether_wart": 99,
			"minecraft:carrot": 122,
			"minecraft:music_disc_13": 1,
			"minecraft:obsidian": 43,
			"minecraft:lantern": 51,
			"minecraft:stone_bricks": 76,
			"minecraft:item_frame": 3,
			"minecraft:red_carpet": 18,
			"minecraft:redstone_lamp": 4,
			"minecraft:hay_block": 29,
			"minecraft:beetroot_seeds": 388,
			"minecraft:polished_diorite_stairs": 5,
			"minecraft:polished_blackstone_stairs": 3,
			"minecraft:dark_oak_sapling": 55,
			"minecraft:chiseled_polished_blackstone": 6,
			"minecraft:dark_oak_stairs": 565,
			"minecraft:stone_pickaxe": 9454,
			"minecraft:dark_oak_sign": 20,
			"minecraft:jungle_fence": 33,
			"minecraft:oak_planks": 437,
			"minecraft:polished_diorite_slab": 7,
			"minecraft:redstone_block": 10,
			"minecraft:sugar_cane": 61,
			"minecraft:blue_bed": 3,
			"minecraft:white_wool": 13,
			"minecraft:loom": 3,
			"minecraft:black_bed": 2,
			"minecraft:cobbled_deepslate_stairs": 500,
			"minecraft:shears": 44,
			"minecraft:lever": 3,
			"minecraft:string": 1,
			"minecraft:acacia_door": 6,
			"minecraft:bread": 30,
			"minecraft:dark_oak_log": 3,
			"minecraft:deepslate": 406,
			"minecraft:gravel": 23,
			"minecraft:grindstone": 3,
			"minecraft:andesite": 11,
			"minecraft:chain": 15,
			"minecraft:bone_meal": 47,
			"minecraft:oak_fence": 144,
			"minecraft:flint_and_steel": 9,
			"minecraft:stone_shovel": 140,
			"minecraft:spruce_planks": 1317,
			"minecraft:wooden_shovel": 60,
			"minecraft:stone_hoe": 388,
			"minecraft:oak_door": 7,
			"minecraft:dirt": 1689,
			"minecraft:hopper": 6,
			"minecraft:spruce_stairs": 23,
			"minecraft:cobblestone_wall": 1145,
			"minecraft:bee_nest": 6,
			"minecraft:granite": 16,
			"minecraft:spruce_fence": 49,
			"minecraft:dark_oak_planks": 82,
			"minecraft:stone_brick_slab": 97,
			"minecraft:bookshelf": 26,
			"minecraft:oak_stairs": 302,
			"minecraft:soul_soil": 73,
			"minecraft:minecart": 13,
			"minecraft:horn_coral_block": 1,
			"minecraft:cooked_beef": 76,
			"minecraft:cobbled_deepslate_wall": 166,
			"minecraft:cooked_mutton": 10,
			"minecraft:amethyst_block": 7,
			"minecraft:cobblestone_stairs": 249,
			"minecraft:glass_bottle": 6,
			"minecraft:baked_potato": 21,
			"minecraft:stonecutter": 4,
			"minecraft:red_glazed_terracotta": 11,
			"minecraft:glow_item_frame": 3,
			"minecraft:music_disc_cat": 1,
			"minecraft:painting": 56,
			"minecraft:dark_oak_door": 9,
			"minecraft:flower_pot": 9,
			"minecraft:acacia_stairs": 4,
			"minecraft:apple": 21,
			"minecraft:map": 1,
			"minecraft:stone_axe": 416,
			"minecraft:cobbled_deepslate_slab": 13,
			"minecraft:bucket": 26,
			"minecraft:jungle_door": 1,
			"minecraft:red_banner": 7,
			"minecraft:pumpkin_pie": 10,
			"minecraft:yellow_bed": 46,
			"minecraft:sea_pickle": 126,
			"minecraft:purple_carpet": 6,
			"minecraft:birch_stairs": 8
		},
		"minecraft:picked_up": {
			"minecraft:flower_pot": 3,
			"minecraft:smithing_table": 9,
			"minecraft:oak_stairs": 40,
			"minecraft:brewing_stand": 1,
			"minecraft:golden_sword": 4,
			"minecraft:amethyst_block": 212,
			"minecraft:music_disc_cat": 1,
			"minecraft:string": 46,
			"minecraft:soul_soil": 168,
			"minecraft:shroomlight": 10,
			"minecraft:beetroot": 146,
			"minecraft:gold_nugget": 134,
			"minecraft:cobbled_deepslate": 4285,
			"minecraft:spruce_planks": 137,
			"minecraft:melon_slice": 847,
			"minecraft:dark_oak_door": 3,
			"minecraft:spruce_pressure_plate": 8,
			"minecraft:white_glazed_terracotta": 17,
			"minecraft:polished_blackstone_stairs": 1,
			"minecraft:composter": 2,
			"minecraft:acacia_log": 30,
			"minecraft:golden_chestplate": 1,
			"minecraft:black_dye": 2,
			"minecraft:stone_sword": 2,
			"minecraft:light_blue_wool": 73,
			"minecraft:polished_basalt": 3,
			"minecraft:blue_dye": 2,
			"minecraft:glowstone": 28,
			"minecraft:white_terracotta": 16,
			"minecraft:blaze_rod": 10,
			"minecraft:snowball": 14,
			"minecraft:birch_log": 34,
			"minecraft:magma_block": 24,
			"minecraft:polished_diorite_slab": 5,
			"minecraft:cooked_beef": 2,
			"minecraft:iron_door": 1,
			"minecraft:jungle_log": 21,
			"minecraft:brown_wool": 11,
			"minecraft:acacia_leaves": 2,
			"minecraft:dark_oak_boat": 43,
			"minecraft:flint": 10,
			"minecraft:lantern": 19,
			"minecraft:stonecutter": 2,
			"minecraft:dark_oak_sign": 4,
			"minecraft:glowstone_dust": 119,
			"minecraft:moss_block": 18,
			"minecraft:honeycomb": 3,
			"minecraft:chiseled_polished_blackstone": 3,
			"minecraft:warped_wart_block": 73,
			"minecraft:ink_sac": 28,
			"minecraft:loom": 1,
			"minecraft:dark_oak_log": 465,
			"minecraft:deepslate": 189,
			"minecraft:lever": 1,
			"minecraft:deepslate_gold_ore": 19,
			"minecraft:blue_ice": 66,
			"minecraft:granite": 455,
			"minecraft:bread": 7,
			"minecraft:dark_oak_fence": 8,
			"minecraft:crimson_roots": 7,
			"minecraft:crafting_table": 8,
			"minecraft:bee_nest": 6,
			"minecraft:purple_wool": 12,
			"minecraft:nether_wart": 217,
			"minecraft:clay_ball": 396,
			"minecraft:leather_leggings": 2,
			"minecraft:redstone_lamp": 2,
			"minecraft:cornflower": 9,
			"minecraft:jungle_trapdoor": 1,
			"minecraft:acacia_door": 4,
			"minecraft:white_carpet": 1,
			"minecraft:iron_shovel": 1,
			"minecraft:cracked_stone_bricks": 5,
			"minecraft:cartography_table": 1,
			"minecraft:beef": 98,
			"minecraft:cyan_wool": 19,
			"minecraft:jungle_sapling": 4,
			"minecraft:poppy": 35,
			"minecraft:spruce_slab": 22,
			"minecraft:minecart": 14,
			"minecraft:chest": 34,
			"minecraft:birch_sapling": 12,
			"minecraft:egg": 47,
			"minecraft:copper_ore": 6,
			"minecraft:stone": 250,
			"minecraft:oak_door": 1,
			"minecraft:glow_item_frame": 1,
			"minecraft:spruce_fence": 1,
			"minecraft:white_dye": 6,
			"minecraft:carrot": 150,
			"minecraft:redstone": 976,
			"minecraft:prismarine_crystals": 2,
			"minecraft:blue_carpet": 4,
			"minecraft:beetroot_seeds": 388,
			"minecraft:shears": 1,
			"minecraft:cut_copper": 4,
			"minecraft:hay_block": 51,
			"minecraft:totem_of_undying": 4,
			"minecraft:polished_blackstone": 5,
			"minecraft:glow_berries": 4,
			"minecraft:mutton": 12,
			"minecraft:white_wool": 698,
			"minecraft:emerald_ore": 4,
			"minecraft:oxeye_daisy": 9,
			"minecraft:lapis_ore": 5,
			"minecraft:red_glazed_terracotta": 3,
			"minecraft:yellow_dye": 2,
			"minecraft:jungle_fence": 3,
			"minecraft:oak_log": 397,
			"minecraft:lily_pad": 77,
			"minecraft:blue_bed": 3,
			"minecraft:white_banner": 6,
			"minecraft:apple": 23,
			"minecraft:stone_bricks": 31,
			"minecraft:kelp": 64,
			"minecraft:warped_stem": 15,
			"minecraft:spore_blossom": 1,
			"minecraft:oak_fence_gate": 7,
			"minecraft:iron_ore": 117,
			"minecraft:cobweb": 3,
			"minecraft:glass_bottle": 3,
			"minecraft:flowering_azalea": 2,
			"minecraft:dark_oak_stairs": 115,
			"minecraft:smooth_basalt": 12,
			"minecraft:dark_oak_slab": 8,
			"minecraft:red_wool": 74,
			"minecraft:gravel": 254,
			"minecraft:birch_stairs": 3,
			"minecraft:spruce_sapling": 105,
			"minecraft:spruce_log": 580,
			"minecraft:crying_obsidian": 12,
			"minecraft:leather_helmet": 1,
			"minecraft:coal_ore": 77,
			"minecraft:polished_diorite": 2,
			"minecraft:light_blue_carpet": 1,
			"minecraft:painting": 50,
			"minecraft:gray_wool": 16,
			"minecraft:warped_roots": 4,
			"minecraft:baked_potato": 6,
			"minecraft:melon_seeds": 2,
			"minecraft:warped_nylium": 8,
			"minecraft:pink_dye": 1,
			"minecraft:ender_pearl": 2,
			"minecraft:wheat": 826,
			"minecraft:nether_brick_fence": 5,
			"minecraft:yellow_wool": 20,
			"minecraft:gilded_blackstone": 4,
			"minecraft:raw_copper": 572,
			"minecraft:sea_pickle": 126,
			"minecraft:red_dye": 5,
			"minecraft:white_tulip": 2,
			"minecraft:calcite": 10,
			"minecraft:furnace": 6,
			"minecraft:blue_wool": 63,
			"minecraft:stick": 260,
			"minecraft:acacia_fence": 13,
			"minecraft:jungle_door": 1,
			"minecraft:oak_fence": 88,
			"minecraft:torch": 323,
			"minecraft:spruce_stairs": 7,
			"minecraft:porkchop": 10,
			"minecraft:pointed_dripstone": 57,
			"minecraft:diorite": 441,
			"minecraft:vine": 19,
			"minecraft:cactus": 71,
			"minecraft:rotten_flesh": 153,
			"minecraft:green_wool": 2,
			"minecraft:obsidian": 85,
			"minecraft:cobblestone": 3825,
			"minecraft:nautilus_shell": 1,
			"minecraft:enchanting_table": 8,
			"minecraft:magma_cream": 5,
			"minecraft:andesite": 474,
			"minecraft:black_bed": 1,
			"minecraft:potato": 610,
			"minecraft:tuff": 248,
			"minecraft:wither_skeleton_skull": 2,
			"minecraft:lapis_lazuli": 372,
			"minecraft:dirt": 1989,
			"minecraft:bone": 107,
			"minecraft:acacia_planks": 51,
			"minecraft:bow": 7,
			"minecraft:wheat_seeds": 2315,
			"minecraft:cobbled_deepslate_wall": 2,
			"minecraft:raw_gold": 61,
			"minecraft:cobbled_deepslate_slab": 13,
			"minecraft:light_blue_dye": 1,
			"minecraft:grindstone": 1,
			"minecraft:mossy_stone_bricks": 2,
			"minecraft:bamboo": 14,
			"minecraft:oak_planks": 60,
			"minecraft:lime_glazed_terracotta": 47,
			"minecraft:music_disc_13": 1,
			"minecraft:sand": 601,
			"minecraft:oak_pressure_plate": 1,
			"minecraft:poisonous_potato": 6,
			"minecraft:polished_blackstone_slab": 2,
			"minecraft:jungle_planks": 41,
			"minecraft:grass_block": 3,
			"minecraft:jungle_slab": 16,
			"minecraft:orange_wool": 19,
			"minecraft:sugar": 3,
			"minecraft:clay": 1,
			"minecraft:diamond": 59,
			"minecraft:cracked_polished_blackstone_bricks": 4,
			"minecraft:crossbow": 2,
			"minecraft:grass": 148,
			"minecraft:bone_meal": 81,
			"minecraft:emerald": 23,
			"minecraft:oak_sapling": 232,
			"minecraft:netherrack": 1212,
			"minecraft:oak_leaves": 2,
			"minecraft:cocoa_beans": 6,
			"minecraft:azure_bluet": 8,
			"minecraft:ladder": 13,
			"minecraft:brown_mushroom": 1,
			"minecraft:pink_wool": 12,
			"minecraft:gold_block": 9,
			"minecraft:chain": 3,
			"minecraft:moss_carpet": 3,
			"minecraft:iron_axe": 3,
			"minecraft:item_frame": 2,
			"minecraft:blackstone": 82,
			"minecraft:oak_boat": 19,
			"minecraft:light_gray_wool": 19,
			"minecraft:lectern": 2,
			"minecraft:sugar_cane": 444,
			"minecraft:phantom_membrane": 14,
			"minecraft:lime_wool": 1,
			"minecraft:dark_oak_sapling": 55,
			"minecraft:raw_iron": 302,
			"minecraft:orange_dye": 1,
			"minecraft:copper_ingot": 1,
			"minecraft:polished_blackstone_bricks": 108,
			"minecraft:dark_oak_planks": 203,
			"minecraft:arrow": 62,
			"minecraft:jungle_stairs": 11,
			"minecraft:nether_bricks": 33,
			"minecraft:saddle": 2,
			"minecraft:purple_dye": 1,
			"minecraft:basalt": 327,
			"minecraft:glow_ink_sac": 2,
			"minecraft:cut_sandstone": 1,
			"minecraft:leather": 54,
			"minecraft:birch_planks": 6,
			"minecraft:gunpowder": 21,
			"minecraft:yellow_bed": 47,
			"minecraft:cobbled_deepslate_stairs": 157,
			"minecraft:cobblestone_wall": 62,
			"minecraft:cobblestone_stairs": 20,
			"minecraft:red_carpet": 26,
			"minecraft:gray_carpet": 1,
			"minecraft:rabbit_hide": 1,
			"minecraft:iron_ingot": 1,
			"minecraft:polished_andesite_slab": 8,
			"minecraft:acacia_sapling": 15,
			"minecraft:soul_sand": 73,
			"minecraft:book": 99,
			"minecraft:oak_slab": 9,
			"minecraft:warped_fungus": 5,
			"minecraft:pumpkin": 188,
			"minecraft:chiseled_stone_bricks": 3,
			"minecraft:stone_brick_slab": 55,
			"minecraft:quartz": 38,
			"minecraft:dandelion": 62,
			"minecraft:dripstone_block": 36,
			"minecraft:amethyst_shard": 58,
			"minecraft:red_banner": 1,
			"minecraft:blast_furnace": 2,
			"minecraft:white_bed": 42,
			"minecraft:nether_brick_slab": 2,
			"minecraft:gold_ore": 30,
			"minecraft:spruce_door": 1,
			"minecraft:dark_oak_fence_gate": 12,
			"minecraft:spider_eye": 13,
			"minecraft:polished_diorite_stairs": 1,
			"minecraft:pumpkin_seeds": 1,
			"minecraft:black_wool": 19,
			"minecraft:coal": 1208
		}
	},
	"DataVersion": 3218
}
