{"stats":{"minecraft:used":{"minecraft:peony":3,"minecraft:moss_block":4,"minecraft:jack_o_lantern":1,"minecraft:chiseled_deepslate":43,"minecraft:polished_blackstone":18,"minecraft:ladder":20,"minecraft:chest":143,"minecraft:stone":83,"minecraft:soul_sand":25,"minecraft:lily_of_the_valley":2,"minecraft:cut_copper":97,"minecraft:cracked_deepslate_tiles":1,"minecraft:azure_bluet":2,"minecraft:weeping_vines":5,"minecraft:lava_bucket":2,"minecraft:birch_sapling":27,"minecraft:stone_brick_stairs":12,"minecraft:bow":1,"minecraft:dark_oak_boat":1,"minecraft:oak_sapling":38,"minecraft:furnace":8,"minecraft:potato":295,"minecraft:deepslate_brick_wall":56,"minecraft:diorite":47,"minecraft:cut_copper_slab":52,"minecraft:orange_tulip":4,"minecraft:wooden_pickaxe":33,"minecraft:composter":1,"minecraft:blast_furnace":1,"minecraft:oxidized_cut_copper_slab":1,"minecraft:deepslate_brick_stairs":129,"minecraft:lightning_rod":1,"minecraft:birch_fence":30,"minecraft:deepslate_tiles":261,"minecraft:birch_slab":102,"minecraft:stone_button":2,"minecraft:oak_pressure_plate":1,"minecraft:lilac":6,"minecraft:diamond_sword":545,"minecraft:wooden_sword":14,"minecraft:smithing_table":7,"minecraft:oak_boat":2,"minecraft:oak_trapdoor":8,"minecraft:iron_bars":8,"minecraft:enchanting_table":1,"minecraft:stone_sword":568,"minecraft:carved_pumpkin":3,"minecraft:netherrack":573,"minecraft:torch":720,"minecraft:brewing_stand":1,"minecraft:anvil":2,"minecraft:oak_fence_gate":14,"minecraft:shroomlight":8,"minecraft:mossy_cobblestone_stairs":3,"minecraft:flowering_azalea":2,"minecraft:birch_chest_boat":9,"minecraft:iron_axe":775,"minecraft:barrel":16,"minecraft:melon_seeds":5,"minecraft:bamboo":46,"minecraft:cobbled_deepslate":1041,"minecraft:wheat_seeds":1257,"minecraft:water_bucket":69,"minecraft:cauldron":1,"minecraft:fletching_table":1,"minecraft:deepslate_bricks":75,"minecraft:polished_blackstone_bricks":25,"minecraft:mossy_cobblestone":22,"minecraft:rail":1,"minecraft:oak_slab":71,"minecraft:crafting_table":26,"minecraft:white_bed":6,"minecraft:campfire":1,"minecraft:oak_log":359,"minecraft:diamond_pickaxe":5714,"minecraft:cornflower":6,"minecraft:oxeye_daisy":1,"minecraft:sunflower":5,"minecraft:iron_pickaxe":4169,"minecraft:crimson_nylium":1,"minecraft:chiseled_stone_bricks":3,"minecraft:cobblestone":833,"minecraft:cooked_porkchop":12,"minecraft:stripped_oak_log":34,"minecraft:dandelion":1,"minecraft:moss_carpet":12,"minecraft:iron_shovel":270,"minecraft:polished_deepslate":16,"minecraft:oak_sign":3,"minecraft:polished_basalt":1,"minecraft:shield":198,"minecraft:iron_sword":1072,"minecraft:nether_wart":26,"minecraft:carrot":158,"minecraft:deepslate_tile_slab":71,"minecraft:tuff":9,"minecraft:obsidian":14,"minecraft:milk_bucket":1,"minecraft:honey_bottle":2,"minecraft:bricks":3,"minecraft:lantern":21,"minecraft:blue_orchid":1,"minecraft:mossy_cobblestone_slab":5,"minecraft:stone_bricks":73,"minecraft:item_frame":4,"minecraft:warped_fungus":5,"minecraft:hay_block":1,"minecraft:scaffolding":284,"minecraft:beetroot_seeds":290,"minecraft:dark_oak_sapling":9,"minecraft:chiseled_polished_blackstone":1,"minecraft:dark_oak_stairs":4,"minecraft:stone_pickaxe":3939,"minecraft:dark_oak_sign":1,"minecraft:oak_planks":93,"minecraft:sugar_cane":65,"minecraft:blue_bed":2,"minecraft:crossbow":80,"minecraft:stone_brick_wall":12,"minecraft:cobbled_deepslate_stairs":73,"minecraft:redstone_torch":1,"minecraft:melon_slice":14,"minecraft:birch_fence_gate":28,"minecraft:string":2,"minecraft:dark_oak_log":1,"minecraft:bread":38,"minecraft:deepslate":2,"minecraft:gravel":8,"minecraft:grindstone":1,"minecraft:andesite":13,"minecraft:chain":1,"minecraft:bone_meal":20,"minecraft:azalea":6,"minecraft:oak_fence":76,"minecraft:rose_bush":10,"minecraft:white_tulip":2,"minecraft:flint_and_steel":2,"minecraft:stone_shovel":4538,"minecraft:wooden_shovel":1,"minecraft:stone_hoe":226,"minecraft:cooked_chicken":7,"minecraft:oak_door":14,"minecraft:dirt":1609,"minecraft:spyglass":99,"minecraft:white_carpet":3,"minecraft:hopper":11,"minecraft:granite":45,"minecraft:iron_hoe":376,"minecraft:stone_brick_slab":1,"minecraft:bookshelf":15,"minecraft:oak_stairs":92,"minecraft:deepslate_tile_stairs":128,"minecraft:minecart":16,"minecraft:stone_pressure_plate":2,"minecraft:cooked_beef":251,"minecraft:pumpkin":20,"minecraft:cooked_mutton":14,"minecraft:cobblestone_stairs":136,"minecraft:glass_bottle":18,"minecraft:baked_potato":157,"minecraft:copper_block":2,"minecraft:birch_boat":40,"minecraft:stonecutter":5,"minecraft:painting":45,"minecraft:dark_oak_door":4,"minecraft:flower_pot":4,"minecraft:stone_axe":1445,"minecraft:fishing_rod":1,"minecraft:cobbled_deepslate_slab":8,"minecraft:white_banner":7,"minecraft:bucket":74,"minecraft:yellow_bed":6,"minecraft:smooth_stone":7},"minecraft:broken":{"minecraft:iron_boots":4,"minecraft:iron_chestplate":1,"minecraft:iron_leggings":3,"minecraft:iron_sword":3,"minecraft:stone_sword":4,"minecraft:stone_hoe":1,"minecraft:shield":2,"minecraft:iron_pickaxe":15,"minecraft:iron_helmet":4,"minecraft:golden_helmet":4,"minecraft:iron_shovel":1,"minecraft:stone_pickaxe":29,"minecraft:stone_axe":9,"minecraft:stone_shovel":32,"minecraft:golden_chestplate":1,"minecraft:leather_boots":2},"minecraft:custom":{"minecraft:interact_with_crafting_table":573,"minecraft:open_barrel":1128,"minecraft:bell_ring":99,"minecraft:leave_game":66,"minecraft:time_since_death":345803,"minecraft:damage_blocked_by_shield":7750,"minecraft:play_time":4385553,"minecraft:deaths":41,"minecraft:jump":27785,"minecraft:enchant_item":10,"minecraft:interact_with_furnace":408,"minecraft:traded_with_villager":21,"minecraft:interact_with_cartography_table":1,"minecraft:sleep_in_bed":54,"minecraft:damage_dealt":86173,"minecraft:interact_with_smoker":1,"minecraft:use_cauldron":20,"minecraft:inspect_dispenser":1,"minecraft:horse_one_cm":22958,"minecraft:interact_with_smithing_table":7,"minecraft:interact_with_anvil":17,"minecraft:inspect_hopper":6,"minecraft:sneak_time":67117,"minecraft:interact_with_blast_furnace":45,"minecraft:total_world_time":4385553,"minecraft:interact_with_stonecutter":87,"minecraft:time_since_rest":83525,"minecraft:swim_one_cm":151271,"minecraft:fly_one_cm":728224,"minecraft:open_chest":1349,"minecraft:fall_one_cm":315980,"minecraft:animals_bred":228,"minecraft:sprint_one_cm":5941771,"minecraft:drop":202,"minecraft:talked_to_villager":70,"minecraft:interact_with_brewingstand":27,"minecraft:walk_on_water_one_cm":243635,"minecraft:crouch_one_cm":163720,"minecraft:mob_kills":550,"minecraft:fill_cauldron":10,"minecraft:interact_with_campfire":7,"minecraft:climb_one_cm":407977,"minecraft:walk_one_cm":24463298,"minecraft:walk_under_water_one_cm":182117,"minecraft:boat_one_cm":4138833,"minecraft:pot_flower":2,"minecraft:interact_with_grindstone":7,"minecraft:damage_taken":39289,"minecraft:minecart_one_cm":485199},"minecraft:dropped":{"minecraft:iron_sword":1,"minecraft:cooked_beef":33,"minecraft:dirt":241,"minecraft:gold_nugget":3,"minecraft:iron_pickaxe":1,"minecraft:stone_axe":1,"minecraft:sugar_cane":4,"minecraft:wheat":99,"minecraft:rotten_flesh":27,"minecraft:deepslate_tiles":2,"minecraft:egg":2,"minecraft:golden_boots":1,"minecraft:wheat_seeds":21,"minecraft:cobblestone":108,"minecraft:granite":3,"minecraft:spruce_sapling":2,"minecraft:soul_soil":4,"minecraft:stone_sword":1,"minecraft:stone_shovel":2,"minecraft:diamond_pickaxe":1,"minecraft:birch_boat":1,"minecraft:red_tulip":1,"minecraft:birch_planks":2,"minecraft:warped_fungus":1,"minecraft:baked_potato":38,"minecraft:deepslate_tile_stairs":1,"minecraft:birch_log":10,"minecraft:gravel":32,"minecraft:beetroot_seeds":4,"minecraft:scaffolding":3,"minecraft:bread":4,"minecraft:tropical_fish":2,"minecraft:stick":9,"minecraft:diorite":13,"minecraft:torch":33,"minecraft:iron_axe":1,"minecraft:bucket":1,"minecraft:dandelion":1,"minecraft:shield":1,"minecraft:iron_chestplate":1,"minecraft:andesite":10,"minecraft:oak_boat":1,"minecraft:oak_sapling":4,"minecraft:stone_pickaxe":4},"minecraft:crafted":{"minecraft:smooth_stone":14,"minecraft:oak_sign":3,"minecraft:dark_oak_pressure_plate":1,"minecraft:oak_pressure_plate":1,"minecraft:blaze_powder":4,"minecraft:birch_boat":2,"minecraft:chain":3,"minecraft:birch_slab":156,"minecraft:bookshelf":15,"minecraft:cooked_mutton":17,"minecraft:iron_bars":16,"minecraft:deepslate_brick_stairs":41,"minecraft:glass":34,"minecraft:melon_seeds":5,"minecraft:birch_fence_gate":26,"minecraft:polished_blackstone":18,"minecraft:stone_pressure_plate":2,"minecraft:magenta_dye":3,"minecraft:flower_pot":3,"minecraft:glass_bottle":18,"minecraft:deepslate":19,"minecraft:wooden_shovel":1,"minecraft:emerald":20,"minecraft:cooked_porkchop":27,"minecraft:smithing_table":2,"minecraft:mossy_cobblestone":33,"minecraft:clock":1,"minecraft:copper_ingot":348,"minecraft:fletching_table":1,"minecraft:cracked_deepslate_tiles":1,"minecraft:campfire":1,"minecraft:painting":4,"minecraft:stone_brick_stairs":24,"minecraft:chiseled_deepslate":21,"minecraft:stone_slab":2,"minecraft:iron_pickaxe":18,"minecraft:iron_block":6,"minecraft:gold_ingot":110,"minecraft:composter":1,"minecraft:polished_blackstone_bricks":9,"minecraft:stone_shovel":37,"minecraft:iron_nugget":135,"minecraft:spyglass":1,"minecraft:mossy_cobblestone_stairs":7,"minecraft:jack_o_lantern":1,"minecraft:bone_meal":93,"minecraft:lantern":17,"minecraft:deepslate_brick_wall":39,"minecraft:ladder":18,"minecraft:stone_pickaxe":30,"minecraft:cobbled_deepslate_stairs":83,"minecraft:dark_oak_planks":448,"minecraft:golden_helmet":8,"minecraft:crossbow":1,"minecraft:cut_copper_slab":24,"minecraft:enchanting_table":1,"minecraft:blue_bed":2,"minecraft:deepslate_tiles":64,"minecraft:oak_fence_gate":11,"minecraft:wooden_axe":1,"minecraft:oak_stairs":72,"minecraft:iron_shovel":1,"minecraft:iron_leggings":8,"minecraft:deepslate_tile_stairs":21,"minecraft:white_bed":4,"minecraft:brick":39,"minecraft:grindstone":1,"minecraft:oak_planks":1072,"minecraft:barrel":13,"minecraft:dark_oak_boat":1,"minecraft:cooked_chicken":3,"minecraft:lightning_rod":1,"minecraft:stone":290,"minecraft:dark_oak_door":3,"minecraft:hopper":1,"minecraft:stone_brick_slab":4,"minecraft:bow":1,"minecraft:iron_boots":8,"minecraft:chest":64,"minecraft:polished_basalt":5,"minecraft:copper_block":35,"minecraft:chiseled_stone_bricks":3,"minecraft:bricks":9,"minecraft:stone_hoe":2,"minecraft:oak_fence":66,"minecraft:stone_bricks":42,"minecraft:golden_boots":1,"minecraft:oak_slab":132,"minecraft:item_frame":4,"minecraft:arrow":28,"minecraft:cauldron":1,"minecraft:crafting_table":14,"minecraft:wooden_pickaxe":3,"minecraft:baked_potato":237,"minecraft:iron_helmet":7,"minecraft:chiseled_polished_blackstone":3,"minecraft:birch_planks":332,"minecraft:brewing_stand":1,"minecraft:spectral_arrow":2,"minecraft:dark_oak_slab":24,"minecraft:diamond_pickaxe":4,"minecraft:book":51,"minecraft:iron_chestplate":6,"minecraft:paper":162,"minecraft:charcoal":34,"minecraft:shield":4,"minecraft:birch_fence":27,"minecraft:stick":709,"minecraft:iron_ingot":490,"minecraft:stone_sword":4,"minecraft:deepslate_bricks":36,"minecraft:beetroot_soup":4,"minecraft:shears":1,"minecraft:crimson_hyphae":3,"minecraft:cobbled_deepslate_slab":6,"minecraft:oak_door":6,"minecraft:stone_brick_wall":12,"minecraft:leather_boots":2,"minecraft:furnace":5,"minecraft:stone_button":5,"minecraft:blast_furnace":1,"minecraft:dark_oak_sign":6,"minecraft:oak_trapdoor":6,"minecraft:flint_and_steel":1,"minecraft:scaffolding":36,"minecraft:polished_deepslate":16,"minecraft:iron_axe":4,"minecraft:iron_hoe":1,"minecraft:birch_chest_boat":1,"minecraft:minecart":1,"minecraft:glistering_melon_slice":3,"minecraft:cooked_beef":347,"minecraft:sugar":19,"minecraft:crimson_planks":4,"minecraft:diamond_sword":1,"minecraft:iron_sword":6,"minecraft:bowl":4,"minecraft:bucket":3,"minecraft:stone_axe":10,"minecraft:air":0,"minecraft:bread":93,"minecraft:jungle_planks":40,"minecraft:blue_dye":2,"minecraft:cut_copper":12,"minecraft:oak_boat":1,"minecraft:stonecutter":1,"minecraft:anvil":1,"minecraft:torch":624,"minecraft:diamond_chestplate":1},"minecraft:picked_up":{"minecraft:seagrass":3,"minecraft:iron_chestplate":2,"minecraft:suspicious_stew":2,"minecraft:flower_pot":3,"minecraft:anvil":1,"minecraft:smithing_table":5,"minecraft:lead":2,"minecraft:oak_stairs":31,"minecraft:brewing_stand":1,"minecraft:amethyst_block":31,"minecraft:string":23,"minecraft:soul_soil":103,"minecraft:shroomlight":17,"minecraft:beetroot":132,"minecraft:gold_nugget":280,"minecraft:cobbled_deepslate":3428,"minecraft:melon_slice":70,"minecraft:dark_oak_door":3,"minecraft:big_dripleaf":3,"minecraft:deepslate_tile_stairs":64,"minecraft:golden_chestplate":1,"minecraft:stone_sword":5,"minecraft:tropical_fish":3,"minecraft:polished_basalt":2,"minecraft:red_tulip":2,"minecraft:carved_pumpkin":4,"minecraft:blaze_rod":9,"minecraft:iron_bars":3,"minecraft:snowball":16,"minecraft:birch_log":172,"minecraft:magma_block":7,"minecraft:mossy_cobblestone_slab":1,"minecraft:feather":14,"minecraft:cooked_beef":16,"minecraft:birch_slab":96,"minecraft:jungle_log":10,"minecraft:flint":35,"minecraft:lantern":6,"minecraft:stonecutter":4,"minecraft:dark_oak_sign":1,"minecraft:glowstone_dust":67,"minecraft:moss_block":51,"minecraft:birch_fence_gate":2,"minecraft:dark_oak_log":186,"minecraft:barrel":3,"minecraft:granite":132,"minecraft:diamond_pickaxe":1,"minecraft:crimson_roots":2,"minecraft:crafting_table":15,"minecraft:nether_wart":48,"minecraft:clay_ball":688,"minecraft:cornflower":18,"minecraft:white_carpet":2,"minecraft:beef":130,"minecraft:jungle_sapling":1,"minecraft:poppy":5,"minecraft:minecart":19,"minecraft:chest":81,"minecraft:birch_sapling":29,"minecraft:egg":40,"minecraft:sandstone":10,"minecraft:oak_door":11,"minecraft:fire_charge":1,"minecraft:carrot":431,"minecraft:redstone":512,"minecraft:stone_shovel":1,"minecraft:beetroot_seeds":360,"minecraft:peony":4,"minecraft:deepslate_bricks":6,"minecraft:cut_copper":1,"minecraft:hay_block":1,"minecraft:mutton":17,"minecraft:glow_berries":4,"minecraft:rail":1,"minecraft:white_wool":26,"minecraft:oxeye_daisy":5,"minecraft:stripped_oak_log":34,"minecraft:red_mushroom":14,"minecraft:oak_log":685,"minecraft:ancient_debris":1,"minecraft:golden_boots":1,"minecraft:white_banner":10,"minecraft:stone_bricks":3,"minecraft:apple":8,"minecraft:kelp":17,"minecraft:stone_pickaxe":7,"minecraft:oak_fence_gate":11,"minecraft:iron_sword":1,"minecraft:flowering_azalea":2,"minecraft:dark_oak_stairs":4,"minecraft:smooth_basalt":2,"minecraft:sweet_berries":3,"minecraft:gravel":344,"minecraft:spruce_sapling":2,"minecraft:crying_obsidian":1,"minecraft:stone_axe":4,"minecraft:painting":41,"minecraft:baked_potato":4,"minecraft:melon_seeds":6,"minecraft:stripped_dark_oak_log":1,"minecraft:hopper":10,"minecraft:chiseled_deepslate":13,"minecraft:wheat":1066,"minecraft:gilded_blackstone":2,"minecraft:raw_copper":357,"minecraft:deepslate_tiles":50,"minecraft:smooth_stone":7,"minecraft:bucket":3,"minecraft:white_tulip":4,"minecraft:rose_bush":11,"minecraft:redstone_torch":1,"minecraft:calcite":4,"minecraft:azalea":8,"minecraft:wooden_shovel":2,"minecraft:iron_pickaxe":1,"minecraft:furnace":4,"minecraft:tipped_arrow":1,"minecraft:stick":107,"minecraft:deepslate_brick_wall":3,"minecraft:oak_fence":10,"minecraft:torch":159,"minecraft:porkchop":28,"minecraft:diorite":203,"minecraft:pointed_dripstone":28,"minecraft:rotten_flesh":223,"minecraft:deepslate_brick_stairs":18,"minecraft:obsidian":15,"minecraft:cod":1,"minecraft:cobblestone":2991,"minecraft:lilac":7,"minecraft:magma_cream":1,"minecraft:andesite":218,"minecraft:potato":1001,"minecraft:tuff":277,"minecraft:dirt":4301,"minecraft:lapis_lazuli":344,"minecraft:bone":64,"minecraft:bow":4,"minecraft:orange_tulip":6,"minecraft:wheat_seeds":2883,"minecraft:raw_gold":73,"minecraft:cobbled_deepslate_slab":3,"minecraft:bamboo":369,"minecraft:oak_planks":8,"minecraft:ghast_tear":2,"minecraft:cooked_porkchop":31,"minecraft:poisonous_potato":8,"minecraft:birch_chest_boat":8,"minecraft:sand":64,"minecraft:lily_of_the_valley":2,"minecraft:oxidized_cut_copper_slab":1,"minecraft:mossy_cobblestone":65,"minecraft:diamond":23,"minecraft:cracked_polished_blackstone_bricks":4,"minecraft:crossbow":4,"minecraft:bone_meal":1,"minecraft:oak_sapling":116,"minecraft:netherrack":3601,"minecraft:oak_leaves":1,"minecraft:azure_bluet":17,"minecraft:allium":9,"minecraft:chicken":6,"minecraft:ladder":4,"minecraft:brown_mushroom":14,"minecraft:gold_block":1,"minecraft:chain":2,"minecraft:oak_trapdoor":5,"minecraft:moss_carpet":21,"minecraft:iron_axe":1,"minecraft:wooden_sword":1,"minecraft:birch_fence":11,"minecraft:blackstone":104,"minecraft:blue_orchid":1,"minecraft:oak_boat":2,"minecraft:sugar_cane":304,"minecraft:phantom_membrane":12,"minecraft:dark_oak_sapling":9,"minecraft:raw_iron":486,"minecraft:copper_ingot":36,"minecraft:polished_blackstone_bricks":4,"minecraft:dark_oak_planks":3,"minecraft:weeping_vines":14,"minecraft:arrow":70,"minecraft:nether_bricks":1,"minecraft:basalt":194,"minecraft:glow_ink_sac":9,"minecraft:crimson_stem":44,"minecraft:salmon":1,"minecraft:leather":74,"minecraft:birch_planks":1,"minecraft:crimson_fungus":5,"minecraft:yellow_bed":6,"minecraft:nether_wart_block":122,"minecraft:cobbled_deepslate_stairs":11,"minecraft:gunpowder":19,"minecraft:cobblestone_stairs":9,"minecraft:deepslate_tile_slab":71,"minecraft:cooked_mutton":4,"minecraft:rabbit_hide":1,"minecraft:iron_ingot":1,"minecraft:cooked_chicken":10,"minecraft:soul_sand":41,"minecraft:oak_slab":19,"minecraft:scaffolding":283,"minecraft:warped_fungus":9,"minecraft:birch_boat":40,"minecraft:pumpkin":20,"minecraft:stone_brick_slab":1,"minecraft:quartz":170,"minecraft:dandelion":71,"minecraft:dripstone_block":7,"minecraft:amethyst_shard":62,"minecraft:white_bed":4,"minecraft:spider_eye":11,"minecraft:black_wool":1,"minecraft:coal":415,"minecraft:sunflower":8},"minecraft:mined":{"minecraft:white_bed":4,"minecraft:carved_pumpkin":3,"minecraft:obsidian":15,"minecraft:granite":127,"minecraft:jungle_log":10,"minecraft:deepslate_bricks":6,"minecraft:deepslate_tile_stairs":63,"minecraft:hopper":10,"minecraft:crimson_fungus":5,"minecraft:nether_wart":44,"minecraft:oxeye_daisy":2,"minecraft:spawner":1,"minecraft:polished_blackstone_bricks":4,"minecraft:weeping_vines_plant":28,"minecraft:tall_seagrass":4,"minecraft:magma_block":7,"minecraft:cobbled_deepslate":23,"minecraft:fire":4,"minecraft:barrel":3,"minecraft:pumpkin":20,"minecraft:moss_carpet":13,"minecraft:deepslate_lapis_ore":37,"minecraft:cave_vines":3,"minecraft:dirt_path":47,"minecraft:oak_stairs":31,"minecraft:deepslate_brick_stairs":18,"minecraft:blue_orchid":1,"minecraft:tripwire":1,"minecraft:brown_mushroom":13,"minecraft:deepslate_brick_wall":3,"minecraft:crimson_nylium":20,"minecraft:amethyst_cluster":18,"minecraft:deepslate_tile_slab":71,"minecraft:powder_snow":5,"minecraft:torch":53,"minecraft:melon":15,"minecraft:sugar_cane":171,"minecraft:amethyst_block":38,"minecraft:chain":2,"minecraft:wheat":1004,"minecraft:lilac":8,"minecraft:warped_fungus":9,"minecraft:grass":434,"minecraft:oak_fence_gate":12,"minecraft:smooth_basalt":2,"minecraft:red_mushroom_block":16,"minecraft:stonecutter":4,"minecraft:deepslate":3584,"minecraft:deepslate_tiles":48,"minecraft:mossy_cobblestone":65,"minecraft:dark_oak_log":170,"minecraft:stripped_birch_log":1,"minecraft:birch_fence_gate":2,"minecraft:cobbled_deepslate_slab":3,"minecraft:allium":9,"minecraft:crimson_roots":1,"minecraft:red_mushroom":14,"minecraft:moss_block":54,"minecraft:kelp":3,"minecraft:redstone_ore":7,"minecraft:andesite":224,"minecraft:big_dripleaf_stem":1,"minecraft:potatoes":288,"minecraft:vine":4,"minecraft:rail":1,"minecraft:bamboo":49,"minecraft:cut_copper":1,"minecraft:smithing_table":5,"minecraft:oak_slab":18,"minecraft:soul_sand":42,"minecraft:lily_of_the_valley":2,"minecraft:stone_brick_slab":1,"minecraft:dandelion":27,"minecraft:cornflower":14,"minecraft:tall_grass":76,"minecraft:copper_ore":99,"minecraft:deepslate_gold_ore":52,"minecraft:diorite":206,"minecraft:dark_oak_wall_sign":1,"minecraft:white_carpet":2,"minecraft:spruce_log":6,"minecraft:birch_leaves":5,"minecraft:sunflower":8,"minecraft:gravel":370,"minecraft:dripstone_block":8,"minecraft:cobweb":1,"minecraft:stone_bricks":3,"minecraft:gold_ore":22,"minecraft:fern":7,"minecraft:farmland":2,"minecraft:cobbled_deepslate_stairs":11,"minecraft:cobblestone_stairs":9,"minecraft:brewing_stand":1,"minecraft:cave_vines_plant":5,"minecraft:budding_amethyst":5,"minecraft:grass_block":2378,"minecraft:cracked_polished_blackstone_bricks":4,"minecraft:soul_soil":101,"minecraft:gilded_blackstone":2,"minecraft:smooth_stone":7,"minecraft:mossy_cobblestone_slab":1,"minecraft:glowstone":22,"minecraft:iron_ore":331,"minecraft:anvil":1,"minecraft:azure_bluet":6,"minecraft:dark_oak_stairs":4,"minecraft:red_tulip":2,"minecraft:pointed_dripstone":18,"minecraft:flowering_azalea_leaves":1,"minecraft:iron_bars":3,"minecraft:azalea_leaves":1,"minecraft:azalea":4,"minecraft:deepslate_redstone_ore":106,"minecraft:blackstone":103,"minecraft:melon_stem":4,"minecraft:clay":169,"minecraft:calcite":6,"minecraft:poppy":2,"minecraft:chest":82,"minecraft:mushroom_stem":5,"minecraft:nether_quartz_ore":182,"minecraft:cobblestone":55,"minecraft:oak_planks":9,"minecraft:wall_torch":46,"minecraft:deepslate_copper_ore":4,"minecraft:seagrass":2,"minecraft:dark_oak_door":3,"minecraft:nether_wart_block":188,"minecraft:birch_log":163,"minecraft:orange_tulip":6,"minecraft:oak_log":727,"minecraft:beetroots":133,"minecraft:sand":68,"minecraft:dirt":1755,"minecraft:netherrack":3677,"minecraft:ancient_debris":1,"minecraft:oak_leaves":123,"minecraft:nether_gold_ore":70,"minecraft:crying_obsidian":1,"minecraft:tuff":278,"minecraft:dark_oak_leaves":2,"minecraft:deepslate_diamond_ore":23,"minecraft:oak_door":10,"minecraft:glow_lichen":4,"minecraft:ladder":3,"minecraft:weeping_vines":2,"minecraft:birch_slab":102,"minecraft:spruce_leaves":17,"minecraft:sandstone":10,"minecraft:crimson_stem":45,"minecraft:large_fern":2,"minecraft:hay_block":1,"minecraft:oak_trapdoor":5,"minecraft:furnace":4,"minecraft:carrots":151,"minecraft:polished_basalt":2,"minecraft:chiseled_deepslate":13,"minecraft:peony":3,"minecraft:gold_block":1,"minecraft:deepslate_iron_ore":163,"minecraft:shroomlight":19,"minecraft:lantern":4,"minecraft:oxidized_cut_copper_slab":1,"minecraft:stripped_oak_log":34,"minecraft:packed_ice":11,"minecraft:stone":2867,"minecraft:white_tulip":4,"minecraft:podzol":1,"minecraft:scaffolding":56,"minecraft:flowering_azalea":2,"minecraft:stripped_dark_oak_log":1,"minecraft:basalt":201,"minecraft:oak_fence":10,"minecraft:crafting_table":13,"minecraft:rose_bush":12,"minecraft:deepslate_coal_ore":3,"minecraft:lapis_ore":17,"minecraft:birch_planks":1,"minecraft:redstone_torch":1,"minecraft:white_wall_banner":3,"minecraft:yellow_bed":6,"minecraft:coal_ore":412,"minecraft:flower_pot":3,"minecraft:birch_fence":11},"minecraft:killed":{"minecraft:cod":1,"minecraft:skeleton":38,"minecraft:chicken":15,"minecraft:magma_cube":25,"minecraft:salmon":2,"minecraft:pillager":13,"minecraft:donkey":1,"minecraft:zombie":187,"minecraft:cow":68,"minecraft:rabbit":1,"minecraft:enderman":2,"minecraft:zombified_piglin":11,"minecraft:witch":1,"minecraft:spider":39,"minecraft:bee":2,"minecraft:turtle":2,"minecraft:piglin_brute":2,"minecraft:pig":14,"minecraft:zombie_villager":2,"minecraft:creeper":15,"minecraft:sheep":14,"minecraft:stray":1,"minecraft:ghast":6,"minecraft:blaze":15,"minecraft:phantom":14,"minecraft:drowned":7,"minecraft:bat":3,"minecraft:hoglin":10,"minecraft:wither_skeleton":6},"minecraft:killed_by":{"minecraft:piglin_brute":2,"minecraft:zombie":5,"minecraft:zombified_piglin":1,"minecraft:wither_skeleton":1,"minecraft:creeper":4,"minecraft:drowned":2,"minecraft:piglin":1,"minecraft:cave_spider":1,"minecraft:blaze":1,"minecraft:enderman":4,"minecraft:hoglin":3,"minecraft:skeleton":3,"minecraft:phantom":1}},"DataVersion":3218}