{
	"stats": {
		"minecraft:custom": {
			"minecraft:interact_with_crafting_table": 280,
			"minecraft:open_barrel": 66,
			"minecraft:bell_ring": 203,
			"minecraft:leave_game": 24,
			"minecraft:time_since_death": 15617,
			"minecraft:sprint_one_cm": 4709652,
			"minecraft:damage_blocked_by_shield": 4510,
			"minecraft:drop": 84,
			"minecraft:talked_to_villager": 66,
			"minecraft:play_time": 1729147,
			"minecraft:deaths": 39,
			"minecraft:jump": 8865,
			"minecraft:interact_with_brewingstand": 1,
			"minecraft:walk_on_water_one_cm": 134036,
			"minecraft:interact_with_furnace": 219,
			"minecraft:traded_with_villager": 2,
			"minecraft:interact_with_cartography_table": 4,
			"minecraft:sleep_in_bed": 43,
			"minecraft:damage_dealt": 51974,
			"minecraft:crouch_one_cm": 39564,
			"minecraft:interact_with_smoker": 21,
			"minecraft:horse_one_cm": 112002,
			"minecraft:interact_with_smithing_table": 8,
			"minecraft:interact_with_anvil": 6,
			"minecraft:mob_kills": 315,
			"minecraft:inspect_hopper": 1,
			"minecraft:fill_cauldron": 3,
			"minecraft:climb_one_cm": 115489,
			"minecraft:walk_one_cm": 10460976,
			"minecraft:sneak_time": 16975,
			"minecraft:walk_under_water_one_cm": 88169,
			"minecraft:boat_one_cm": 937781,
			"minecraft:interact_with_blast_furnace": 12,
			"minecraft:total_world_time": 1729147,
			"minecraft:pot_flower": 5,
			"minecraft:interact_with_stonecutter": 25,
			"minecraft:interact_with_grindstone": 2,
			"minecraft:time_since_rest": 15297,
			"minecraft:damage_taken": 13557,
			"minecraft:minecart_one_cm": 372507,
			"minecraft:swim_one_cm": 182467,
			"minecraft:fly_one_cm": 645232,
			"minecraft:open_chest": 898,
			"minecraft:fall_one_cm": 173338
		},
		"minecraft:crafted": {
			"minecraft:brick": 12,
			"minecraft:smooth_stone": 11,
			"minecraft:oak_planks": 676,
			"minecraft:cobblestone_slab": 70,
			"minecraft:oak_sign": 6,
			"minecraft:barrel": 12,
			"minecraft:dark_oak_pressure_plate": 1,
			"minecraft:dark_oak_boat": 1,
			"minecraft:cooked_chicken": 14,
			"minecraft:cobblestone_stairs": 28,
			"minecraft:stone": 285,
			"minecraft:bookshelf": 4,
			"minecraft:spruce_pressure_plate": 5,
			"minecraft:cooked_mutton": 23,
			"minecraft:iron_bars": 16,
			"minecraft:brown_carpet": 3,
			"minecraft:dark_oak_door": 3,
			"minecraft:glass": 25,
			"minecraft:hopper": 1,
			"minecraft:stone_brick_slab": 38,
			"minecraft:bow": 3,
			"minecraft:iron_boots": 1,
			"minecraft:chest": 31,
			"minecraft:birch_door": 3,
			"minecraft:stone_bricks": 140,
			"minecraft:oak_fence": 84,
			"minecraft:flower_pot": 4,
			"minecraft:smoker": 1,
			"minecraft:golden_axe": 1,
			"minecraft:oak_slab": 12,
			"minecraft:deepslate": 1,
			"minecraft:wooden_shovel": 1,
			"minecraft:emerald": 2,
			"minecraft:cauldron": 1,
			"minecraft:soul_campfire": 1,
			"minecraft:cooked_porkchop": 48,
			"minecraft:crafting_table": 12,
			"minecraft:spruce_planks": 1172,
			"minecraft:iron_helmet": 1,
			"minecraft:wooden_pickaxe": 1,
			"minecraft:baked_potato": 66,
			"minecraft:spruce_door": 6,
			"minecraft:smithing_table": 1,
			"minecraft:mossy_cobblestone": 157,
			"minecraft:birch_planks": 164,
			"minecraft:campfire": 20,
			"minecraft:painting": 2,
			"minecraft:stone_brick_stairs": 5,
			"minecraft:spruce_trapdoor": 62,
			"minecraft:dark_oak_slab": 42,
			"minecraft:iron_chestplate": 3,
			"minecraft:book": 12,
			"minecraft:wooden_hoe": 1,
			"minecraft:paper": 39,
			"minecraft:shield": 2,
			"minecraft:birch_fence": 6,
			"minecraft:stick": 284,
			"minecraft:iron_ingot": 265,
			"minecraft:iron_pickaxe": 7,
			"minecraft:iron_block": 3,
			"minecraft:stone_sword": 2,
			"minecraft:black_bed": 1,
			"minecraft:spruce_fence_gate": 2,
			"minecraft:shears": 2,
			"minecraft:wooden_sword": 2,
			"minecraft:oak_door": 3,
			"minecraft:stone_shovel": 2,
			"minecraft:stone_brick_wall": 12,
			"minecraft:tripwire_hook": 2,
			"minecraft:smooth_stone_slab": 6,
			"minecraft:iron_nugget": 54,
			"minecraft:furnace": 13,
			"minecraft:stone_button": 4,
			"minecraft:mossy_cobblestone_stairs": 45,
			"minecraft:bone_meal": 66,
			"minecraft:spruce_fence": 141,
			"minecraft:candle": 2,
			"minecraft:white_carpet": 48,
			"minecraft:glass_pane": 32,
			"minecraft:oak_trapdoor": 12,
			"minecraft:stone_stairs": 8,
			"minecraft:scaffolding": 12,
			"minecraft:lantern": 7,
			"minecraft:spruce_stairs": 132,
			"minecraft:iron_axe": 9,
			"minecraft:ladder": 6,
			"minecraft:spruce_slab": 288,
			"minecraft:stone_pickaxe": 9,
			"minecraft:cobblestone_wall": 78,
			"minecraft:dark_oak_planks": 404,
			"minecraft:cooked_beef": 41,
			"minecraft:diamond_sword": 1,
			"minecraft:spruce_sign": 12,
			"minecraft:dark_oak_stairs": 36,
			"minecraft:iron_sword": 2,
			"minecraft:blue_bed": 1,
			"minecraft:cooked_salmon": 2,
			"minecraft:bucket": 2,
			"minecraft:stone_axe": 3,
			"minecraft:mossy_cobblestone_wall": 13,
			"minecraft:air": 0,
			"minecraft:blue_dye": 1,
			"minecraft:oak_fence_gate": 5,
			"minecraft:oak_boat": 1,
			"minecraft:oak_stairs": 84,
			"minecraft:wooden_axe": 3,
			"minecraft:iron_shovel": 8,
			"minecraft:iron_leggings": 1,
			"minecraft:anvil": 1,
			"minecraft:white_bed": 3,
			"minecraft:torch": 312
		},
		"minecraft:picked_up": {
			"minecraft:wooden_axe": 4,
			"minecraft:iron_chestplate": 1,
			"minecraft:birch_door": 2,
			"minecraft:wheat": 2,
			"minecraft:flower_pot": 1,
			"minecraft:oak_stairs": 169,
			"minecraft:gilded_blackstone": 1,
			"minecraft:stone_brick_stairs": 3,
			"minecraft:brewing_stand": 2,
			"minecraft:string": 90,
			"minecraft:raw_copper": 86,
			"minecraft:shroomlight": 1,
			"minecraft:oak_sign": 1,
			"minecraft:smooth_stone": 9,
			"minecraft:gold_nugget": 7,
			"minecraft:cobbled_deepslate": 589,
			"minecraft:spruce_planks": 3,
			"minecraft:white_tulip": 4,
			"minecraft:rose_bush": 7,
			"minecraft:cobblestone_slab": 3,
			"minecraft:azalea": 6,
			"minecraft:wooden_shovel": 1,
			"minecraft:iron_pickaxe": 1,
			"minecraft:furnace": 4,
			"minecraft:dark_oak_door": 3,
			"minecraft:stick": 305,
			"minecraft:big_dripleaf": 8,
			"minecraft:oak_fence": 16,
			"minecraft:torch": 93,
			"minecraft:spruce_stairs": 12,
			"minecraft:porkchop": 48,
			"minecraft:diorite": 42,
			"minecraft:warped_planks": 1,
			"minecraft:vine": 194,
			"minecraft:stone_sword": 5,
			"minecraft:rotten_flesh": 85,
			"minecraft:tropical_fish": 1,
			"minecraft:red_tulip": 6,
			"minecraft:carved_pumpkin": 1,
			"minecraft:white_terracotta": 72,
			"minecraft:obsidian": 2,
			"minecraft:iron_bars": 4,
			"minecraft:cobblestone": 725,
			"minecraft:birch_log": 249,
			"minecraft:cooked_beef": 11,
			"minecraft:feather": 14,
			"minecraft:lilac": 16,
			"minecraft:water_bucket": 1,
			"minecraft:andesite": 90,
			"minecraft:brown_wool": 6,
			"minecraft:potato": 109,
			"minecraft:flint": 1,
			"minecraft:tuff": 49,
			"minecraft:stripped_birch_log": 2,
			"minecraft:dirt": 1639,
			"minecraft:lantern": 18,
			"minecraft:bone": 53,
			"minecraft:bow": 3,
			"minecraft:stonecutter": 3,
			"minecraft:wheat_seeds": 101,
			"minecraft:orange_tulip": 12,
			"minecraft:bell": 1,
			"minecraft:glowstone_dust": 1,
			"minecraft:bamboo": 29,
			"minecraft:moss_block": 56,
			"minecraft:oak_planks": 17,
			"minecraft:honeycomb": 6,
			"minecraft:cooked_porkchop": 1,
			"minecraft:sand": 331,
			"minecraft:jungle_planks": 13,
			"minecraft:grass_block": 3,
			"minecraft:lily_of_the_valley": 15,
			"minecraft:dark_oak_log": 94,
			"minecraft:barrel": 11,
			"minecraft:mossy_cobblestone": 56,
			"minecraft:jungle_leaves": 22,
			"minecraft:diamond": 18,
			"minecraft:crossbow": 1,
			"minecraft:granite": 26,
			"minecraft:bone_meal": 1,
			"minecraft:grass": 1,
			"minecraft:spruce_sign": 1,
			"minecraft:golden_horse_armor": 1,
			"minecraft:oak_sapling": 238,
			"minecraft:netherrack": 300,
			"minecraft:bricks": 4,
			"minecraft:oak_leaves": 84,
			"minecraft:spruce_leaves": 10,
			"minecraft:charcoal": 6,
			"minecraft:cocoa_beans": 21,
			"minecraft:crafting_table": 13,
			"minecraft:allium": 1,
			"minecraft:azure_bluet": 4,
			"minecraft:chicken": 20,
			"minecraft:clay_ball": 160,
			"minecraft:brown_mushroom": 40,
			"minecraft:wooden_pickaxe": 1,
			"minecraft:gold_block": 1,
			"minecraft:chain": 2,
			"minecraft:cornflower": 7,
			"minecraft:oak_trapdoor": 12,
			"minecraft:stone_stairs": 3,
			"minecraft:moss_carpet": 44,
			"minecraft:wooden_sword": 1,
			"minecraft:white_carpet": 5,
			"minecraft:blackstone": 2,
			"minecraft:cartography_table": 3,
			"minecraft:candle": 2,
			"minecraft:mossy_cobblestone_wall": 1,
			"minecraft:beef": 38,
			"minecraft:oak_boat": 1,
			"minecraft:poppy": 1,
			"minecraft:light_gray_wool": 1,
			"minecraft:spruce_slab": 28,
			"minecraft:minecart": 6,
			"minecraft:sugar_cane": 93,
			"minecraft:chest": 5,
			"minecraft:birch_sapling": 26,
			"minecraft:spruce_trapdoor": 59,
			"minecraft:egg": 25,
			"minecraft:raw_iron": 297,
			"minecraft:sandstone": 15,
			"minecraft:oak_door": 2,
			"minecraft:spruce_fence": 29,
			"minecraft:carrot": 63,
			"minecraft:redstone": 23,
			"minecraft:dark_oak_planks": 47,
			"minecraft:arrow": 50,
			"minecraft:jungle_stairs": 11,
			"minecraft:peony": 20,
			"minecraft:hay_block": 13,
			"minecraft:saddle": 1,
			"minecraft:glow_berries": 3,
			"minecraft:mutton": 25,
			"minecraft:white_wool": 88,
			"minecraft:soul_campfire": 1,
			"minecraft:oxeye_daisy": 5,
			"minecraft:stripped_oak_log": 3,
			"minecraft:birch_leaves": 12,
			"minecraft:basalt": 3,
			"minecraft:glow_ink_sac": 8,
			"minecraft:salmon": 2,
			"minecraft:leather": 23,
			"minecraft:birch_planks": 99,
			"minecraft:oak_log": 692,
			"minecraft:cobblestone_wall": 3,
			"minecraft:nether_wart_block": 1,
			"minecraft:gunpowder": 9,
			"minecraft:cobblestone_stairs": 14,
			"minecraft:blue_bed": 1,
			"minecraft:white_banner": 2,
			"minecraft:apple": 24,
			"minecraft:stone_bricks": 3,
			"minecraft:oak_fence_gate": 1,
			"minecraft:stone_pickaxe": 6,
			"minecraft:dark_oak_stairs": 15,
			"minecraft:book": 3,
			"minecraft:scaffolding": 221,
			"minecraft:oak_slab": 10,
			"minecraft:dark_oak_slab": 4,
			"minecraft:pumpkin": 10,
			"minecraft:sweet_berries": 39,
			"minecraft:stone_brick_slab": 25,
			"minecraft:quartz": 16,
			"minecraft:dandelion": 18,
			"minecraft:raw_iron_block": 1,
			"minecraft:gravel": 15,
			"minecraft:spruce_sapling": 198,
			"minecraft:blast_furnace": 1,
			"minecraft:white_bed": 2,
			"minecraft:spruce_log": 596,
			"minecraft:spruce_door": 1,
			"minecraft:spider_eye": 11,
			"minecraft:stone_axe": 4,
			"minecraft:iron_helmet": 1,
			"minecraft:painting": 25,
			"minecraft:mossy_cobblestone_stairs": 8,
			"minecraft:gray_wool": 1,
			"minecraft:terracotta": 4,
			"minecraft:black_wool": 7,
			"minecraft:coal": 372,
			"minecraft:hopper": 1,
			"minecraft:ender_pearl": 4
		},
		"minecraft:broken": {
			"minecraft:iron_shovel": 6,
			"minecraft:wooden_shovel": 1,
			"minecraft:shears": 1,
			"minecraft:iron_chestplate": 1,
			"minecraft:golden_leggings": 1,
			"minecraft:stone_pickaxe": 7,
			"minecraft:wooden_sword": 1,
			"minecraft:stone_axe": 3,
			"minecraft:iron_sword": 2,
			"minecraft:wooden_axe": 3,
			"minecraft:stone_shovel": 1,
			"minecraft:stone_sword": 2,
			"minecraft:wooden_pickaxe": 1,
			"minecraft:shield": 1,
			"minecraft:golden_axe": 2,
			"minecraft:iron_axe": 7,
			"minecraft:iron_pickaxe": 5,
			"minecraft:iron_helmet": 1
		},
		"minecraft:used": {
			"minecraft:peony": 18,
			"minecraft:moss_block": 4,
			"minecraft:moss_carpet": 9,
			"minecraft:iron_shovel": 1864,
			"minecraft:oak_sign": 5,
			"minecraft:shield": 97,
			"minecraft:spruce_slab": 269,
			"minecraft:chest": 35,
			"minecraft:ladder": 4,
			"minecraft:poppy": 1,
			"minecraft:white_terracotta": 45,
			"minecraft:stone": 82,
			"minecraft:iron_sword": 510,
			"minecraft:bell": 1,
			"minecraft:grass": 1,
			"minecraft:soul_campfire": 2,
			"minecraft:iron_chestplate": 1,
			"minecraft:spruce_leaves": 10,
			"minecraft:lily_of_the_valley": 13,
			"minecraft:carrot": 19,
			"minecraft:allium": 1,
			"minecraft:tuff": 45,
			"minecraft:azure_bluet": 3,
			"minecraft:obsidian": 2,
			"minecraft:lava_bucket": 1,
			"minecraft:bricks": 4,
			"minecraft:grass_block": 1,
			"minecraft:lantern": 25,
			"minecraft:dark_oak_slab": 42,
			"minecraft:stone_brick_stairs": 93,
			"minecraft:stone_bricks": 34,
			"minecraft:brown_carpet": 3,
			"minecraft:bow": 49,
			"minecraft:dark_oak_boat": 1,
			"minecraft:hay_block": 13,
			"minecraft:scaffolding": 222,
			"minecraft:sweet_berries": 39,
			"minecraft:oak_sapling": 224,
			"minecraft:furnace": 16,
			"minecraft:egg": 11,
			"minecraft:potato": 49,
			"minecraft:dark_oak_stairs": 35,
			"minecraft:spruce_door": 5,
			"minecraft:birch_leaves": 12,
			"minecraft:stone_pickaxe": 1008,
			"minecraft:oak_planks": 125,
			"minecraft:orange_tulip": 7,
			"minecraft:sugar_cane": 38,
			"minecraft:wooden_pickaxe": 56,
			"minecraft:sandstone": 1,
			"minecraft:blue_bed": 2,
			"minecraft:oak_leaves": 84,
			"minecraft:white_wool": 21,
			"minecraft:golden_hoe": 65,
			"minecraft:sand": 12,
			"minecraft:blast_furnace": 1,
			"minecraft:stone_brick_wall": 8,
			"minecraft:black_bed": 1,
			"minecraft:shears": 347,
			"minecraft:birch_fence": 6,
			"minecraft:stone_button": 4,
			"minecraft:bread": 2,
			"minecraft:lilac": 14,
			"minecraft:diamond_sword": 594,
			"minecraft:wooden_sword": 58,
			"minecraft:andesite": 22,
			"minecraft:smithing_table": 1,
			"minecraft:birch_log": 158,
			"minecraft:smooth_stone_slab": 6,
			"minecraft:mossy_cobblestone_wall": 14,
			"minecraft:oak_boat": 2,
			"minecraft:white_tulip": 1,
			"minecraft:bone_meal": 66,
			"minecraft:oak_fence": 100,
			"minecraft:azalea": 1,
			"minecraft:oak_trapdoor": 20,
			"minecraft:iron_bars": 17,
			"minecraft:jungle_leaves": 22,
			"minecraft:rose_bush": 6,
			"minecraft:stone_sword": 267,
			"minecraft:stone_shovel": 153,
			"minecraft:carved_pumpkin": 1,
			"minecraft:spruce_planks": 84,
			"minecraft:cooked_salmon": 2,
			"minecraft:wooden_shovel": 60,
			"minecraft:cooked_chicken": 1,
			"minecraft:oak_door": 3,
			"minecraft:torch": 355,
			"minecraft:brewing_stand": 2,
			"minecraft:dirt": 1310,
			"minecraft:anvil": 1,
			"minecraft:white_carpet": 45,
			"minecraft:hopper": 2,
			"minecraft:spruce_stairs": 137,
			"minecraft:cobblestone_wall": 81,
			"minecraft:stone_stairs": 11,
			"minecraft:granite": 5,
			"minecraft:spruce_fence": 168,
			"minecraft:oak_fence_gate": 6,
			"minecraft:birch_door": 1,
			"minecraft:mossy_cobblestone_stairs": 71,
			"minecraft:dark_oak_planks": 155,
			"minecraft:stone_brick_slab": 63,
			"minecraft:wooden_axe": 165,
			"minecraft:red_tulip": 3,
			"minecraft:bookshelf": 4,
			"minecraft:iron_axe": 1967,
			"minecraft:oak_stairs": 252,
			"minecraft:barrel": 23,
			"minecraft:bamboo": 13,
			"minecraft:tripwire_hook": 2,
			"minecraft:dark_oak_pressure_plate": 1,
			"minecraft:minecart": 11,
			"minecraft:cooked_beef": 36,
			"minecraft:cobbled_deepslate": 301,
			"minecraft:pumpkin": 10,
			"minecraft:golden_axe": 64,
			"minecraft:wheat_seeds": 36,
			"minecraft:cooked_mutton": 16,
			"minecraft:water_bucket": 65,
			"minecraft:cobblestone_stairs": 50,
			"minecraft:birch_planks": 60,
			"minecraft:cartography_table": 3,
			"minecraft:baked_potato": 36,
			"minecraft:spruce_sign": 13,
			"minecraft:cobblestone_slab": 73,
			"minecraft:cauldron": 1,
			"minecraft:spruce_fence_gate": 2,
			"minecraft:stonecutter": 3,
			"minecraft:mossy_cobblestone": 137,
			"minecraft:terracotta": 4,
			"minecraft:vine": 17,
			"minecraft:crafting_table": 25,
			"minecraft:oak_slab": 15,
			"minecraft:white_bed": 4,
			"minecraft:campfire": 20,
			"minecraft:painting": 27,
			"minecraft:spruce_log": 99,
			"minecraft:warped_planks": 1,
			"minecraft:smoker": 1,
			"minecraft:dark_oak_door": 5,
			"minecraft:oak_log": 364,
			"minecraft:flower_pot": 5,
			"minecraft:wooden_hoe": 4,
			"minecraft:cornflower": 4,
			"minecraft:diamond_pickaxe": 5,
			"minecraft:apple": 23,
			"minecraft:oxeye_daisy": 2,
			"minecraft:iron_pickaxe": 1457,
			"minecraft:spruce_pressure_plate": 2,
			"minecraft:spruce_trapdoor": 121,
			"minecraft:spruce_sapling": 193,
			"minecraft:stone_axe": 425,
			"minecraft:cobblestone": 543,
			"minecraft:white_banner": 2,
			"minecraft:cooked_porkchop": 9,
			"minecraft:bucket": 71,
			"minecraft:glass_pane": 18,
			"minecraft:dandelion": 8,
			"minecraft:candle": 4
		},
		"minecraft:mined": {
			"minecraft:spruce_planks": 4,
			"minecraft:oak_sapling": 8,
			"minecraft:white_bed": 2,
			"minecraft:farmland": 1,
			"minecraft:cobblestone_stairs": 14,
			"minecraft:jungle_leaves": 35,
			"minecraft:brewing_stand": 2,
			"minecraft:obsidian": 2,
			"minecraft:spruce_trapdoor": 59,
			"minecraft:cave_vines_plant": 2,
			"minecraft:granite": 20,
			"minecraft:grass_block": 734,
			"minecraft:jungle_log": 1,
			"minecraft:hopper": 1,
			"minecraft:oak_wall_sign": 1,
			"minecraft:oxeye_daisy": 5,
			"minecraft:gilded_blackstone": 1,
			"minecraft:smooth_stone": 9,
			"minecraft:raw_iron_block": 1,
			"minecraft:mossy_cobblestone_stairs": 8,
			"minecraft:iron_ore": 134,
			"minecraft:barrel": 11,
			"minecraft:cobbled_deepslate": 231,
			"minecraft:pumpkin": 10,
			"minecraft:azure_bluet": 4,
			"minecraft:dark_oak_stairs": 8,
			"minecraft:red_tulip": 6,
			"minecraft:cave_vines": 1,
			"minecraft:dirt_path": 258,
			"minecraft:iron_bars": 4,
			"minecraft:oak_stairs": 178,
			"minecraft:azalea": 2,
			"minecraft:spruce_slab": 23,
			"minecraft:deepslate_redstone_ore": 5,
			"minecraft:brown_mushroom": 40,
			"minecraft:blackstone": 2,
			"minecraft:clay": 8,
			"minecraft:torch": 25,
			"minecraft:jungle_stairs": 12,
			"minecraft:blast_furnace": 1,
			"minecraft:mossy_cobblestone_wall": 1,
			"minecraft:poppy": 1,
			"minecraft:chest": 5,
			"minecraft:nether_quartz_ore": 16,
			"minecraft:cobblestone": 109,
			"minecraft:oak_planks": 22,
			"minecraft:sugar_cane": 44,
			"minecraft:bricks": 4,
			"minecraft:wall_torch": 16,
			"minecraft:spruce_sign": 1,
			"minecraft:white_terracotta": 74,
			"minecraft:stone_stairs": 3,
			"minecraft:chain": 2,
			"minecraft:dark_oak_slab": 3,
			"minecraft:nether_wart_block": 1,
			"minecraft:dark_oak_door": 3,
			"minecraft:warped_planks": 1,
			"minecraft:birch_log": 248,
			"minecraft:wheat": 1,
			"minecraft:lilac": 20,
			"minecraft:orange_tulip": 13,
			"minecraft:stone_brick_stairs": 3,
			"minecraft:grass": 508,
			"minecraft:oak_log": 701,
			"minecraft:oak_fence_gate": 1,
			"minecraft:sand": 279,
			"minecraft:dirt": 582,
			"minecraft:stonecutter": 3,
			"minecraft:netherrack": 313,
			"minecraft:oak_leaves": 172,
			"minecraft:deepslate": 359,
			"minecraft:nether_gold_ore": 2,
			"minecraft:tuff": 51,
			"minecraft:deepslate_diamond_ore": 18,
			"minecraft:mossy_cobblestone": 56,
			"minecraft:dark_oak_leaves": 1,
			"minecraft:candle": 1,
			"minecraft:oak_door": 2,
			"minecraft:stripped_birch_log": 2,
			"minecraft:dark_oak_log": 89,
			"minecraft:glow_lichen": 3,
			"minecraft:allium": 2,
			"minecraft:spruce_fence": 29,
			"minecraft:jungle_planks": 13,
			"minecraft:soul_campfire": 1,
			"minecraft:spruce_leaves": 45,
			"minecraft:cartography_table": 3,
			"minecraft:moss_block": 2,
			"minecraft:sandstone": 26,
			"minecraft:large_fern": 1,
			"minecraft:hay_block": 13,
			"minecraft:oak_trapdoor": 9,
			"minecraft:spruce_sapling": 11,
			"minecraft:furnace": 4,
			"minecraft:carrots": 42,
			"minecraft:andesite": 53,
			"minecraft:gold_block": 1,
			"minecraft:peony": 29,
			"minecraft:big_dripleaf_stem": 1,
			"minecraft:bell": 1,
			"minecraft:bookshelf": 1,
			"minecraft:potatoes": 29,
			"minecraft:cobblestone_slab": 3,
			"minecraft:shroomlight": 1,
			"minecraft:deepslate_iron_ore": 137,
			"minecraft:vine": 207,
			"minecraft:lantern": 20,
			"minecraft:stripped_oak_log": 3,
			"minecraft:bamboo": 2,
			"minecraft:white_tulip": 4,
			"minecraft:stone": 515,
			"minecraft:white_wool": 8,
			"minecraft:podzol": 1,
			"minecraft:birch_stairs": 1,
			"minecraft:oak_slab": 9,
			"minecraft:scaffolding": 92,
			"minecraft:lily_of_the_valley": 14,
			"minecraft:brown_stained_glass_pane": 5,
			"minecraft:potted_lily_of_the_valley": 1,
			"minecraft:basalt": 3,
			"minecraft:stone_brick_slab": 24,
			"minecraft:dandelion": 12,
			"minecraft:spruce_door": 1,
			"minecraft:oak_fence": 16,
			"minecraft:crafting_table": 14,
			"minecraft:cornflower": 6,
			"minecraft:rose_bush": 8,
			"minecraft:campfire": 3,
			"minecraft:copper_ore": 6,
			"minecraft:tall_grass": 18,
			"minecraft:diorite": 21,
			"minecraft:blue_bed": 1,
			"minecraft:spruce_stairs": 12,
			"minecraft:birch_planks": 5,
			"minecraft:cobblestone_wall": 2,
			"minecraft:sweet_berry_bush": 22,
			"minecraft:white_carpet": 3,
			"minecraft:spruce_log": 617,
			"minecraft:birch_leaves": 15,
			"minecraft:bee_nest": 1,
			"minecraft:coal_ore": 220,
			"minecraft:cocoa": 7,
			"minecraft:gravel": 13,
			"minecraft:cobweb": 65,
			"minecraft:terracotta": 4,
			"minecraft:stone_bricks": 3,
			"minecraft:fern": 3,
			"minecraft:dark_oak_planks": 9
		},
		"minecraft:dropped": {
			"minecraft:birch_planks": 97,
			"minecraft:dark_oak_stairs": 1,
			"minecraft:diamond": 2,
			"minecraft:wooden_sword": 1,
			"minecraft:sand": 82,
			"minecraft:iron_pickaxe": 1,
			"minecraft:bone": 2,
			"minecraft:gravel": 2,
			"minecraft:stone_axe": 1,
			"minecraft:golden_chestplate": 1,
			"minecraft:wheat": 1,
			"minecraft:birch_sapling": 20,
			"minecraft:rotten_flesh": 16,
			"minecraft:oak_planks": 12,
			"minecraft:azure_bluet": 1,
			"minecraft:jungle_stairs": 11,
			"minecraft:birch_door": 2,
			"minecraft:egg": 1,
			"minecraft:wheat_seeds": 32,
			"minecraft:cobblestone": 11,
			"minecraft:smooth_stone": 1,
			"minecraft:string": 9,
			"minecraft:dandelion": 2,
			"minecraft:stone_sword": 1,
			"minecraft:peony": 1,
			"minecraft:spruce_planks": 1,
			"minecraft:iron_chestplate": 3,
			"minecraft:oak_sapling": 1,
			"minecraft:spider_eye": 2,
			"minecraft:spruce_log": 10,
			"minecraft:sandstone": 9,
			"minecraft:stone_pickaxe": 3,
			"minecraft:red_tulip": 2
		},
		"minecraft:killed_by": {
			"minecraft:piglin_brute": 2,
			"minecraft:creeper": 6,
			"minecraft:pillager": 1,
			"minecraft:zombie": 2,
			"minecraft:enderman": 7,
			"minecraft:hoglin": 2,
			"minecraft:skeleton": 10
		},
		"minecraft:killed": {
			"minecraft:witch": 1,
			"minecraft:spider": 30,
			"minecraft:skeleton": 47,
			"minecraft:chicken": 12,
			"minecraft:piglin_brute": 1,
			"minecraft:skeleton_horse": 1,
			"minecraft:tropical_fish": 1,
			"minecraft:piglin": 2,
			"minecraft:pig": 23,
			"minecraft:zombie_villager": 6,
			"minecraft:salmon": 2,
			"minecraft:creeper": 11,
			"minecraft:sheep": 17,
			"minecraft:pillager": 5,
			"minecraft:zombie": 121,
			"minecraft:mooshroom": 2,
			"minecraft:glow_squid": 7,
			"minecraft:cow": 13,
			"minecraft:drowned": 1,
			"minecraft:bat": 1,
			"minecraft:hoglin": 1,
			"minecraft:enderman": 6
		}
	},
	"DataVersion": 3218
}
