{"stats":{"minecraft:killed":{"minecraft:zombified_piglin":1,"minecraft:spider":6,"minecraft:skeleton":17,"minecraft:bee":1,"minecraft:chicken":2,"minecraft:pig":4,"minecraft:zombie_villager":3,"minecraft:creeper":3,"minecraft:pillager":2,"minecraft:zombie":39,"minecraft:ghast":1,"minecraft:glow_squid":1,"minecraft:cow":1,"minecraft:bat":2},"minecraft:dropped":{"minecraft:iron_sword":3,"minecraft:dark_oak_stairs":1,"minecraft:flint":4,"minecraft:dirt":88,"minecraft:iron_pickaxe":1,"minecraft:bone":2,"minecraft:gravel":1,"minecraft:stone_axe":1,"minecraft:cobbled_deepslate":175,"minecraft:birch_sapling":2,"minecraft:rotten_flesh":16,"minecraft:azure_bluet":1,"minecraft:chest":1,"minecraft:iron_bars":1,"minecraft:arrow":2,"minecraft:bread":1,"minecraft:iron_ingot":1,"minecraft:amethyst_block":1,"minecraft:stick":1,"minecraft:wooden_hoe":1,"minecraft:pink_tulip":1,"minecraft:dark_oak_sign":2,"minecraft:tuff":132,"minecraft:iron_boots":1,"minecraft:shears":1,"minecraft:pink_wool":3,"minecraft:yellow_bed":1,"minecraft:stone_pickaxe":1,"minecraft:calcite":10},"minecraft:mined":{"minecraft:dark_oak_planks":2,"minecraft:farmland":3,"minecraft:cobblestone_stairs":4,"minecraft:sculk_vein":6,"minecraft:cave_vines_plant":5,"minecraft:granite":30,"minecraft:budding_amethyst":18,"minecraft:grass_block":291,"minecraft:deepslate_bricks":12,"minecraft:deepslate_tile_stairs":2,"minecraft:polished_blackstone_bricks":1,"minecraft:weeping_vines_plant":2,"minecraft:tall_seagrass":1,"minecraft:raw_iron_block":1,"minecraft:magma_block":12,"minecraft:sculk_catalyst":1,"minecraft:mossy_cobblestone_stairs":3,"minecraft:iron_ore":28,"minecraft:cobbled_deepslate":14,"minecraft:deepslate_lapis_ore":23,"minecraft:azure_bluet":1,"minecraft:dark_oak_stairs":40,"minecraft:cave_vines":9,"minecraft:oak_stairs":4,"minecraft:deepslate_brick_stairs":28,"minecraft:birch_wall_sign":1,"minecraft:pink_tulip":1,"minecraft:deepslate_redstone_ore":71,"minecraft:exposed_copper":7,"minecraft:blackstone":32,"minecraft:medium_amethyst_bud":1,"minecraft:amethyst_cluster":4,"minecraft:clay":8,"minecraft:torch":22,"minecraft:calcite":26,"minecraft:melon":1,"minecraft:chest":14,"minecraft:nether_quartz_ore":23,"minecraft:glass":1,"minecraft:cobblestone":77,"minecraft:sugar_cane":2,"minecraft:oak_planks":4,"minecraft:wall_torch":27,"minecraft:amethyst_block":268,"minecraft:dark_oak_slab":2,"minecraft:dark_oak_door":1,"minecraft:nether_wart_block":2,"minecraft:birch_log":223,"minecraft:wheat":3,"minecraft:birch_door":4,"minecraft:stone_brick_stairs":1,"minecraft:grass":29,"minecraft:oak_log":32,"minecraft:beetroots":23,"minecraft:sand":295,"minecraft:dirt":192,"minecraft:smooth_basalt":21,"minecraft:netherrack":83,"minecraft:oak_leaves":15,"minecraft:deepslate":1488,"minecraft:nether_gold_ore":2,"minecraft:deepslate_tiles":3,"minecraft:diamond_ore":2,"minecraft:tuff":245,"minecraft:mossy_cobblestone":18,"minecraft:dark_oak_leaves":41,"minecraft:deepslate_diamond_ore":15,"minecraft:dark_oak_log":290,"minecraft:glow_lichen":13,"minecraft:dark_oak_fence":2,"minecraft:birch_slab":188,"minecraft:moss_block":86,"minecraft:crimson_stem":14,"minecraft:hay_block":13,"minecraft:spore_blossom":1,"minecraft:deepslate_brick_slab":5,"minecraft:redstone_ore":2,"minecraft:furnace":3,"minecraft:carrots":52,"minecraft:andesite":72,"minecraft:bell":1,"minecraft:polished_deepslate":4,"minecraft:mossy_stone_brick_stairs":12,"minecraft:bookshelf":6,"minecraft:potatoes":9,"minecraft:deepslate_iron_ore":125,"minecraft:shroomlight":2,"minecraft:vine":1,"minecraft:lantern":2,"minecraft:stripped_oak_log":4,"minecraft:stone":524,"minecraft:white_tulip":1,"minecraft:birch_stairs":15,"minecraft:flowering_azalea":5,"minecraft:glass_pane":22,"minecraft:basalt":35,"minecraft:stone_brick_slab":2,"minecraft:crafting_table":9,"minecraft:sculk_sensor":1,"minecraft:lectern":2,"minecraft:copper_ore":38,"minecraft:tall_grass":3,"minecraft:deepslate_gold_ore":56,"minecraft:lapis_ore":1,"minecraft:sculk":3,"minecraft:diorite":48,"minecraft:big_dripleaf":1,"minecraft:birch_planks":8,"minecraft:sweet_berry_bush":1,"minecraft:birch_leaves":47,"minecraft:bee_nest":1,"minecraft:yellow_bed":9,"minecraft:coal_ore":91,"minecraft:dark_oak_sign":1,"minecraft:gravel":60,"minecraft:cobweb":10,"minecraft:stone_bricks":16,"minecraft:mossy_stone_bricks":3,"minecraft:fern":1},"minecraft:used":{"minecraft:iron_shovel":621,"minecraft:polished_deepslate":4,"minecraft:ladder":31,"minecraft:chest":23,"minecraft:shield":50,"minecraft:iron_sword":323,"minecraft:bell":1,"minecraft:birch_pressure_plate":2,"minecraft:carrot":104,"minecraft:deepslate_brick_slab":23,"minecraft:tuff":14,"minecraft:axolotl_bucket":5,"minecraft:glass":75,"minecraft:lantern":8,"minecraft:birch_sapling":6,"minecraft:dark_oak_slab":11,"minecraft:stone_brick_stairs":20,"minecraft:stone_bricks":75,"minecraft:magma_block":3,"minecraft:bow":3,"minecraft:furnace":10,"minecraft:beetroot_seeds":39,"minecraft:potato":24,"minecraft:dark_oak_sapling":3,"minecraft:dark_oak_stairs":372,"minecraft:mossy_stone_bricks":18,"minecraft:stone_pickaxe":524,"minecraft:dark_oak_sign":2,"minecraft:mossy_stone_brick_stairs":16,"minecraft:glow_berries":5,"minecraft:dark_oak_trapdoor":1,"minecraft:sand":1,"minecraft:black_bed":1,"minecraft:shears":10,"minecraft:deepslate_brick_stairs":28,"minecraft:deepslate_tiles":3,"minecraft:dark_oak_log":2,"minecraft:melon_slice":12,"minecraft:birch_slab":633,"minecraft:bread":2,"minecraft:deepslate":11,"minecraft:iron_door":1,"minecraft:diamond_sword":101,"minecraft:andesite":8,"minecraft:dark_oak_fence":75,"minecraft:iron_bars":22,"minecraft:enchanting_table":1,"minecraft:stone_sword":11,"minecraft:netherrack":33,"minecraft:torch":226,"minecraft:dirt":198,"minecraft:stone_stairs":13,"minecraft:mossy_cobblestone_stairs":5,"minecraft:birch_door":7,"minecraft:iron_hoe":149,"minecraft:dark_oak_planks":8,"minecraft:stone_brick_slab":7,"minecraft:bookshelf":6,"minecraft:iron_axe":788,"minecraft:oak_stairs":3,"minecraft:crimson_planks":7,"minecraft:dark_oak_pressure_plate":1,"minecraft:deepslate_tile_stairs":2,"minecraft:goat_horn":5,"minecraft:minecart":5,"minecraft:stone_pressure_plate":1,"minecraft:cobbled_deepslate":150,"minecraft:wheat_seeds":26,"minecraft:water_bucket":12,"minecraft:amethyst_block":20,"minecraft:birch_planks":13,"minecraft:copper_block":7,"minecraft:birch_boat":4,"minecraft:deepslate_bricks":27,"minecraft:polished_blackstone_bricks":1,"minecraft:crafting_table":17,"minecraft:birch_sign":4,"minecraft:dark_oak_fence_gate":1,"minecraft:dark_oak_door":4,"minecraft:oak_log":4,"minecraft:wooden_hoe":5,"minecraft:apple":17,"minecraft:iron_pickaxe":3143,"minecraft:stone_axe":131,"minecraft:chiseled_stone_bricks":2,"minecraft:cobblestone":142,"minecraft:cooked_porkchop":12,"minecraft:bucket":31,"minecraft:glass_pane":173,"minecraft:yellow_bed":9,"minecraft:stripped_oak_log":1,"minecraft:birch_stairs":44},"minecraft:broken":{"minecraft:iron_shovel":2,"minecraft:golden_boots":1,"minecraft:iron_leggings":1,"minecraft:stone_pickaxe":4,"minecraft:stone_axe":1,"minecraft:iron_sword":1,"minecraft:iron_axe":3,"minecraft:iron_pickaxe":12,"minecraft:iron_helmet":1},"minecraft:custom":{"minecraft:animals_bred":2,"minecraft:interact_with_crafting_table":188,"minecraft:open_barrel":3,"minecraft:bell_ring":62,"minecraft:leave_game":46,"minecraft:time_since_death":76910,"minecraft:sprint_one_cm":111383,"minecraft:damage_blocked_by_shield":1780,"minecraft:drop":53,"minecraft:talked_to_villager":3,"minecraft:play_time":1062380,"minecraft:deaths":14,"minecraft:jump":5841,"minecraft:walk_on_water_one_cm":125843,"minecraft:interact_with_furnace":147,"minecraft:interact_with_cartography_table":1,"minecraft:sleep_in_bed":43,"minecraft:damage_dealt":15594,"minecraft:crouch_one_cm":105359,"minecraft:horse_one_cm":59757,"minecraft:interact_with_smithing_table":2,"minecraft:interact_with_anvil":1,"minecraft:mob_kills":84,"minecraft:climb_one_cm":42168,"minecraft:walk_one_cm":5344916,"minecraft:sneak_time":37008,"minecraft:walk_under_water_one_cm":96571,"minecraft:boat_one_cm":335216,"minecraft:total_world_time":1062380,"minecraft:time_since_rest":76938,"minecraft:damage_taken":6954,"minecraft:minecart_one_cm":159569,"minecraft:swim_one_cm":318,"minecraft:fly_one_cm":26013,"minecraft:open_chest":437,"minecraft:fall_one_cm":79401},"minecraft:crafted":{"minecraft:brick":53,"minecraft:oak_planks":52,"minecraft:dark_oak_pressure_plate":1,"minecraft:birch_boat":1,"minecraft:chain":1,"minecraft:birch_slab":474,"minecraft:cobblestone_stairs":4,"minecraft:stone":290,"minecraft:bookshelf":6,"minecraft:nether_brick":12,"minecraft:iron_bars":32,"minecraft:deepslate_brick_stairs":40,"minecraft:dark_oak_door":3,"minecraft:glass":181,"minecraft:stone_brick_slab":18,"minecraft:bow":1,"minecraft:iron_boots":1,"minecraft:melon_seeds":1,"minecraft:polished_blackstone":4,"minecraft:stone_pressure_plate":1,"minecraft:chest":11,"minecraft:iron_door":3,"minecraft:copper_block":7,"minecraft:birch_door":6,"minecraft:chiseled_stone_bricks":3,"minecraft:stone_bricks":152,"minecraft:golden_boots":1,"minecraft:deepslate":184,"minecraft:cauldron":1,"minecraft:crafting_table":8,"minecraft:iron_helmet":2,"minecraft:birch_pressure_plate":2,"minecraft:smithing_table":1,"minecraft:mossy_cobblestone":9,"minecraft:copper_ingot":102,"minecraft:birch_planks":372,"minecraft:stone_brick_stairs":24,"minecraft:dark_oak_slab":48,"minecraft:wooden_hoe":1,"minecraft:iron_chestplate":1,"minecraft:diamond_pickaxe":1,"minecraft:shield":1,"minecraft:birch_fence":3,"minecraft:stick":232,"minecraft:iron_ingot":156,"minecraft:iron_pickaxe":13,"minecraft:stone_sword":1,"minecraft:gold_ingot":15,"minecraft:black_bed":1,"minecraft:dark_oak_fence_gate":1,"minecraft:polished_blackstone_bricks":4,"minecraft:birch_stairs":36,"minecraft:deepslate_bricks":172,"minecraft:shears":2,"minecraft:raw_iron":9,"minecraft:iron_nugget":54,"minecraft:mossy_stone_bricks":44,"minecraft:furnace":7,"minecraft:mossy_cobblestone_stairs":4,"minecraft:dark_oak_trapdoor":2,"minecraft:dark_oak_sign":3,"minecraft:glass_pane":272,"minecraft:stone_stairs":16,"minecraft:lantern":6,"minecraft:dark_oak_fence":108,"minecraft:polished_deepslate":172,"minecraft:iron_axe":3,"minecraft:ladder":33,"minecraft:iron_hoe":1,"minecraft:stone_pickaxe":4,"minecraft:cobbled_deepslate_stairs":4,"minecraft:dark_oak_planks":1048,"minecraft:birch_sign":3,"minecraft:crimson_planks":56,"minecraft:diamond_sword":1,"minecraft:dark_oak_stairs":372,"minecraft:enchanting_table":1,"minecraft:deepslate_brick_slab":24,"minecraft:iron_sword":2,"minecraft:nether_bricks":1,"minecraft:bucket":3,"minecraft:deepslate_tiles":8,"minecraft:stone_axe":1,"minecraft:air":0,"minecraft:mossy_stone_brick_stairs":16,"minecraft:oak_stairs":8,"minecraft:iron_shovel":3,"minecraft:deepslate_tile_stairs":4,"minecraft:iron_leggings":1,"minecraft:torch":186,"minecraft:diamond_chestplate":1},"minecraft:killed_by":{"minecraft:creeper":1,"minecraft:drowned":1,"minecraft:zombie":1,"minecraft:enderman":2,"minecraft:bee":1,"minecraft:skeleton":2},"minecraft:picked_up":{"minecraft:birch_door":4,"minecraft:iron_chestplate":1,"minecraft:exposed_copper":7,"minecraft:oak_stairs":4,"minecraft:stone_brick_stairs":1,"minecraft:amethyst_block":249,"minecraft:polished_deepslate":4,"minecraft:string":7,"minecraft:raw_copper":143,"minecraft:shroomlight":4,"minecraft:beetroot":22,"minecraft:deepslate_tiles":3,"minecraft:gold_nugget":6,"minecraft:cobbled_deepslate":1419,"minecraft:calcite":24,"minecraft:iron_pickaxe":1,"minecraft:melon_slice":4,"minecraft:furnace":3,"minecraft:iron_boots":4,"minecraft:dark_oak_door":1,"minecraft:stick":42,"minecraft:big_dripleaf":1,"minecraft:torch":54,"minecraft:porkchop":8,"minecraft:diorite":46,"minecraft:deepslate_tile_stairs":2,"minecraft:rotten_flesh":92,"minecraft:tropical_fish":1,"minecraft:deepslate_brick_stairs":28,"minecraft:iron_bars":1,"minecraft:cobblestone":564,"minecraft:birch_log":199,"minecraft:magma_block":10,"minecraft:feather":2,"minecraft:birch_slab":198,"minecraft:andesite":66,"minecraft:potato":24,"minecraft:flint":8,"minecraft:tuff":289,"minecraft:lapis_lazuli":173,"minecraft:dirt":504,"minecraft:lantern":2,"minecraft:bone":14,"minecraft:bow":2,"minecraft:wheat_seeds":5,"minecraft:deepslate_brick_slab":5,"minecraft:raw_gold":56,"minecraft:bell":1,"minecraft:dark_oak_sign":3,"minecraft:mossy_stone_bricks":3,"minecraft:moss_block":77,"minecraft:oak_planks":4,"minecraft:mossy_stone_brick_stairs":12,"minecraft:glow_lichen":10,"minecraft:sand":280,"minecraft:dark_oak_log":284,"minecraft:mossy_cobblestone":18,"minecraft:diamond":18,"minecraft:crossbow":1,"minecraft:granite":30,"minecraft:oak_sapling":4,"minecraft:netherrack":77,"minecraft:dark_oak_fence":2,"minecraft:crafting_table":9,"minecraft:azure_bluet":1,"minecraft:chicken":2,"minecraft:clay_ball":28,"minecraft:pink_wool":3,"minecraft:chain":1,"minecraft:blackstone":31,"minecraft:beef":3,"minecraft:minecart":6,"minecraft:lectern":2,"minecraft:sugar_cane":2,"minecraft:chest":15,"minecraft:birch_sapling":25,"minecraft:egg":11,"minecraft:dark_oak_sapling":30,"minecraft:raw_iron":158,"minecraft:polished_blackstone_bricks":1,"minecraft:carrot":105,"minecraft:redstone":333,"minecraft:dark_oak_planks":2,"minecraft:arrow":18,"minecraft:weeping_vines":1,"minecraft:beetroot_seeds":63,"minecraft:shears":1,"minecraft:deepslate_bricks":12,"minecraft:hay_block":13,"minecraft:pink_tulip":1,"minecraft:gold_ingot":12,"minecraft:glow_berries":6,"minecraft:white_wool":2,"minecraft:stripped_oak_log":4,"minecraft:basalt":33,"minecraft:glow_ink_sac":2,"minecraft:crimson_stem":14,"minecraft:birch_planks":9,"minecraft:oak_log":41,"minecraft:yellow_bed":10,"minecraft:nether_wart_block":1,"minecraft:gunpowder":4,"minecraft:cobblestone_stairs":4,"minecraft:apple":3,"minecraft:stone_bricks":16,"minecraft:spore_blossom":1,"minecraft:iron_ingot":7,"minecraft:stone_pickaxe":1,"minecraft:cobweb":9,"minecraft:iron_sword":3,"minecraft:flowering_azalea":5,"minecraft:dark_oak_stairs":35,"minecraft:book":18,"minecraft:smooth_basalt":21,"minecraft:dark_oak_slab":3,"minecraft:birch_boat":4,"minecraft:sweet_berries":2,"minecraft:stone_brick_slab":2,"minecraft:quartz":22,"minecraft:raw_iron_block":1,"minecraft:gravel":50,"minecraft:birch_stairs":15,"minecraft:amethyst_shard":38,"minecraft:spider_eye":1,"minecraft:stone_axe":1,"minecraft:birch_sign":2,"minecraft:mossy_cobblestone_stairs":3,"minecraft:coal":91}},"DataVersion":3218}