{"stats":{"minecraft:used":{"minecraft:chiseled_deepslate":214,"minecraft:poppy":4,"minecraft:ladder":6,"minecraft:chest":10,"minecraft:shield":36,"minecraft:stone":3,"minecraft:iron_sword":231,"minecraft:soul_campfire":1,"minecraft:birch_pressure_plate":3,"minecraft:blue_stained_glass":8,"minecraft:glass":42,"minecraft:jungle_fence_gate":4,"minecraft:stone_brick_stairs":2,"minecraft:dark_oak_boat":4,"minecraft:furnace":2,"minecraft:oak_chest_boat":5,"minecraft:dark_oak_stairs":4,"minecraft:spruce_door":5,"minecraft:stone_pickaxe":2552,"minecraft:wooden_pickaxe":118,"minecraft:sandstone":8,"minecraft:blue_bed":1,"minecraft:redstone_torch":2,"minecraft:birch_slab":7,"minecraft:bread":2,"minecraft:polished_granite":35,"minecraft:wooden_sword":18,"minecraft:oak_boat":5,"minecraft:rose_bush":13,"minecraft:stone_sword":131,"minecraft:stone_shovel":265,"minecraft:sandstone_wall":57,"minecraft:cooked_chicken":3,"minecraft:torch":249,"minecraft:dirt":136,"minecraft:cobblestone_wall":107,"minecraft:wooden_axe":285,"minecraft:dark_oak_planks":82,"minecraft:dark_oak_pressure_plate":1,"minecraft:deepslate_tile_stairs":70,"minecraft:minecart":9,"minecraft:stone_pressure_plate":1,"minecraft:cooked_beef":7,"minecraft:cobbled_deepslate":2,"minecraft:cooked_mutton":6,"minecraft:birch_planks":328,"minecraft:stonecutter":2,"minecraft:deepslate_bricks":160,"minecraft:crafting_table":19,"minecraft:red_bed":1,"minecraft:painting":32,"minecraft:dark_oak_door":6,"minecraft:purple_stained_glass":8,"minecraft:sunflower":2,"minecraft:iron_pickaxe":253,"minecraft:spruce_pressure_plate":1,"minecraft:spruce_trapdoor":2,"minecraft:stone_axe":331,"minecraft:cobblestone":316,"minecraft:cooked_porkchop":2,"minecraft:jungle_door":4,"minecraft:dandelion":2,"minecraft:soul_torch":4},"minecraft:dropped":{"minecraft:iron_sword":11,"minecraft:birch_planks":4,"minecraft:cornflower":1,"minecraft:iron_pickaxe":1,"minecraft:cooked_chicken":2,"minecraft:cobbled_deepslate":6,"minecraft:rotten_flesh":1,"minecraft:cobblestone":71,"minecraft:copper_ingot":36,"minecraft:torch":7,"minecraft:wooden_axe":1,"minecraft:pink_tulip":1,"minecraft:stone_sword":1,"minecraft:cobblestone_wall":2,"minecraft:stone_shovel":1,"minecraft:deepslate_bricks":2,"minecraft:andesite":18,"minecraft:redstone_torch":1,"minecraft:sandstone":1,"minecraft:stone_pickaxe":3},"minecraft:picked_up":{"minecraft:wooden_axe":1,"minecraft:chiseled_deepslate":132,"minecraft:iron_chestplate":1,"minecraft:stone_brick_stairs":1,"minecraft:string":4,"minecraft:raw_copper":93,"minecraft:gold_nugget":23,"minecraft:cobbled_deepslate":484,"minecraft:redstone_torch":3,"minecraft:rose_bush":20,"minecraft:iron_pickaxe":1,"minecraft:dark_oak_door":3,"minecraft:spruce_pressure_plate":1,"minecraft:stick":40,"minecraft:jungle_door":2,"minecraft:torch":34,"minecraft:acacia_log":4,"minecraft:sandstone_wall":9,"minecraft:porkchop":4,"minecraft:diorite":57,"minecraft:pointed_dripstone":2,"minecraft:deepslate_tile_stairs":16,"minecraft:stone_sword":1,"minecraft:rotten_flesh":8,"minecraft:cobblestone":1186,"minecraft:birch_log":211,"minecraft:feather":5,"minecraft:cooked_beef":26,"minecraft:andesite":126,"minecraft:birch_slab":7,"minecraft:jungle_log":8,"minecraft:dark_oak_boat":3,"minecraft:flint":7,"minecraft:tuff":29,"minecraft:lapis_lazuli":97,"minecraft:dirt":406,"minecraft:polished_granite":18,"minecraft:bone":4,"minecraft:bow":1,"minecraft:wheat_seeds":12,"minecraft:bamboo":62,"minecraft:oak_planks":1,"minecraft:sand":179,"minecraft:dark_oak_log":90,"minecraft:granite":107,"minecraft:bread":4,"minecraft:oak_sapling":7,"minecraft:netherrack":18,"minecraft:charcoal":12,"minecraft:crafting_table":16,"minecraft:azure_bluet":1,"minecraft:chicken":4,"minecraft:ladder":1,"minecraft:wooden_pickaxe":2,"minecraft:pink_wool":1,"minecraft:cornflower":7,"minecraft:oak_trapdoor":1,"minecraft:wooden_sword":2,"minecraft:beef":6,"minecraft:oak_boat":5,"minecraft:poppy":6,"minecraft:light_gray_wool":1,"minecraft:minecart":9,"minecraft:chest":1,"minecraft:sugar_cane":5,"minecraft:birch_sapling":37,"minecraft:spruce_trapdoor":1,"minecraft:egg":7,"minecraft:raw_iron":46,"minecraft:sandstone":62,"minecraft:jungle_fence_gate":3,"minecraft:redstone":23,"minecraft:dark_oak_planks":16,"minecraft:stone_shovel":1,"minecraft:arrow":7,"minecraft:deepslate_bricks":43,"minecraft:pink_tulip":2,"minecraft:oak_chest_boat":5,"minecraft:mutton":16,"minecraft:white_wool":11,"minecraft:leather":5,"minecraft:birch_planks":68,"minecraft:oak_log":38,"minecraft:golden_boots":1,"minecraft:cobblestone_wall":12,"minecraft:wooden_hoe":1,"minecraft:birch_pressure_plate":2,"minecraft:cooked_mutton":4,"minecraft:kelp":40,"minecraft:stone_pickaxe":3,"minecraft:cooked_chicken":2,"minecraft:dark_oak_stairs":3,"minecraft:soul_sand":3,"minecraft:iron_sword":11,"minecraft:pumpkin":13,"minecraft:quartz":3,"minecraft:dandelion":17,"minecraft:gravel":52,"minecraft:soul_torch":1,"minecraft:spruce_sapling":17,"minecraft:spruce_log":116,"minecraft:spruce_door":4,"minecraft:spider_eye":2,"minecraft:painting":32,"minecraft:warped_roots":1,"minecraft:coal":68,"minecraft:sunflower":4},"minecraft:broken":{"minecraft:stone_pickaxe":19,"minecraft:stone_axe":2,"minecraft:wooden_axe":4,"minecraft:stone_shovel":1,"minecraft:wooden_pickaxe":2,"minecraft:iron_pickaxe":1},"minecraft:crafted":{"minecraft:oak_planks":24,"minecraft:jungle_fence_gate":1,"minecraft:dark_oak_pressure_plate":1,"minecraft:dark_oak_boat":1,"minecraft:cooked_chicken":3,"minecraft:birch_slab":6,"minecraft:stone":17,"minecraft:cooked_mutton":11,"minecraft:spruce_pressure_plate":1,"minecraft:glass":58,"minecraft:dark_oak_door":3,"minecraft:iron_boots":1,"minecraft:stone_pressure_plate":1,"minecraft:chest":10,"minecraft:blue_stained_glass":8,"minecraft:soul_campfire":1,"minecraft:cooked_porkchop":2,"minecraft:crafting_table":10,"minecraft:spruce_planks":134,"minecraft:wooden_pickaxe":7,"minecraft:iron_helmet":2,"minecraft:spruce_door":3,"minecraft:birch_pressure_plate":1,"minecraft:copper_ingot":50,"minecraft:birch_planks":478,"minecraft:stone_brick_stairs":2,"minecraft:spruce_trapdoor":2,"minecraft:wooden_hoe":1,"minecraft:purple_dye":2,"minecraft:charcoal":40,"minecraft:chiseled_deepslate":28,"minecraft:yellow_dye":1,"minecraft:shield":1,"minecraft:stick":136,"minecraft:iron_ingot":45,"minecraft:iron_pickaxe":1,"minecraft:stone_sword":3,"minecraft:gold_ingot":2,"minecraft:deepslate_bricks":3,"minecraft:shears":1,"minecraft:wooden_sword":1,"minecraft:stone_shovel":2,"minecraft:iron_nugget":1,"minecraft:soul_torch":4,"minecraft:furnace":2,"minecraft:polished_diorite":20,"minecraft:iron_axe":1,"minecraft:spruce_wood":3,"minecraft:ladder":6,"minecraft:stone_pickaxe":20,"minecraft:cobblestone_wall":150,"minecraft:dark_oak_planks":132,"minecraft:minecart":1,"minecraft:cooked_beef":5,"minecraft:red_dye":2,"minecraft:jungle_wood":3,"minecraft:purple_stained_glass":8,"minecraft:dark_oak_stairs":4,"minecraft:iron_sword":2,"minecraft:red_bed":1,"minecraft:blue_bed":1,"minecraft:bucket":1,"minecraft:stone_axe":3,"minecraft:air":0,"minecraft:jungle_planks":28,"minecraft:blue_dye":5,"minecraft:oak_boat":1,"minecraft:sandstone_wall":48,"minecraft:jungle_door":3,"minecraft:oak_chest_boat":1,"minecraft:wooden_axe":5,"minecraft:blue_wool":3,"minecraft:deepslate_tile_stairs":1,"minecraft:iron_leggings":1,"minecraft:stonecutter":2,"minecraft:white_bed":1,"minecraft:torch":232},"minecraft:killed":{"minecraft:spider":3,"minecraft:skeleton":5,"minecraft:chicken":4,"minecraft:turtle":1,"minecraft:pig":2,"minecraft:sheep":12,"minecraft:zombie":7,"minecraft:donkey":1,"minecraft:cow":3,"minecraft:horse":1},"minecraft:killed_by":{"minecraft:wither_skeleton":1,"minecraft:creeper":2,"minecraft:pillager":1,"minecraft:drowned":1,"minecraft:zombie":3,"minecraft:wolf":1,"minecraft:spider":2,"minecraft:skeleton":5},"minecraft:custom":{"minecraft:interact_with_crafting_table":166,"minecraft:open_barrel":1,"minecraft:leave_game":34,"minecraft:time_since_death":40462,"minecraft:sprint_one_cm":59322,"minecraft:damage_blocked_by_shield":960,"minecraft:drop":56,"minecraft:play_time":1283389,"minecraft:deaths":27,"minecraft:jump":7718,"minecraft:walk_on_water_one_cm":90124,"minecraft:interact_with_furnace":63,"minecraft:sleep_in_bed":10,"minecraft:damage_dealt":6228,"minecraft:crouch_one_cm":25071,"minecraft:horse_one_cm":14726,"minecraft:mob_kills":39,"minecraft:climb_one_cm":10816,"minecraft:walk_one_cm":3361282,"minecraft:sneak_time":6006,"minecraft:walk_under_water_one_cm":49931,"minecraft:boat_one_cm":4351421,"minecraft:total_world_time":1283389,"minecraft:interact_with_stonecutter":5,"minecraft:time_since_rest":40634,"minecraft:damage_taken":9600,"minecraft:minecart_one_cm":268523,"minecraft:swim_one_cm":3178,"minecraft:fly_one_cm":46474,"minecraft:open_chest":118,"minecraft:fall_one_cm":99512},"minecraft:mined":{"minecraft:dark_oak_planks":16,"minecraft:spruce_trapdoor":1,"minecraft:granite":116,"minecraft:acacia_log":4,"minecraft:grass_block":222,"minecraft:jungle_log":8,"minecraft:deepslate_bricks":41,"minecraft:deepslate_tile_stairs":18,"minecraft:iron_ore":28,"minecraft:cobbled_deepslate":2,"minecraft:fire":1,"minecraft:pumpkin":15,"minecraft:deepslate_lapis_ore":5,"minecraft:azure_bluet":1,"minecraft:dark_oak_stairs":3,"minecraft:pointed_dripstone":2,"minecraft:spruce_pressure_plate":1,"minecraft:pink_tulip":1,"minecraft:deepslate_redstone_ore":2,"minecraft:jungle_door":2,"minecraft:torch":11,"minecraft:poppy":6,"minecraft:chest":1,"minecraft:glass":7,"minecraft:nether_quartz_ore":3,"minecraft:cobblestone":53,"minecraft:sugar_cane":4,"minecraft:wall_torch":8,"minecraft:deepslate_copper_ore":3,"minecraft:dark_oak_door":2,"minecraft:birch_log":218,"minecraft:stone_brick_stairs":1,"minecraft:grass":80,"minecraft:oak_log":47,"minecraft:sand":194,"minecraft:dirt":205,"minecraft:sandstone_wall":10,"minecraft:netherrack":18,"minecraft:oak_leaves":14,"minecraft:deepslate":498,"minecraft:nether_gold_ore":6,"minecraft:tuff":30,"minecraft:dark_oak_leaves":2,"minecraft:dark_oak_log":96,"minecraft:glow_lichen":2,"minecraft:ladder":1,"minecraft:birch_slab":7,"minecraft:sandstone":67,"minecraft:large_fern":2,"minecraft:redstone_ore":3,"minecraft:oak_trapdoor":1,"minecraft:andesite":137,"minecraft:chiseled_deepslate":138,"minecraft:deepslate_iron_ore":16,"minecraft:vine":8,"minecraft:bamboo":6,"minecraft:stone":1203,"minecraft:jungle_fence_gate":3,"minecraft:birch_pressure_plate":1,"minecraft:soul_sand":4,"minecraft:spruce_door":3,"minecraft:dandelion":11,"minecraft:polished_granite":17,"minecraft:crafting_table":16,"minecraft:cornflower":6,"minecraft:warped_roots":1,"minecraft:rose_bush":22,"minecraft:tall_grass":7,"minecraft:copper_ore":23,"minecraft:lapis_ore":12,"minecraft:diorite":54,"minecraft:birch_planks":64,"minecraft:cobblestone_wall":10,"minecraft:redstone_torch":2,"minecraft:spruce_log":146,"minecraft:birch_leaves":12,"minecraft:coal_ore":72,"minecraft:sunflower":6,"minecraft:gravel":64,"minecraft:fern":2}},"DataVersion":3218}