{"stats":{"minecraft:custom":{"minecraft:interact_with_crafting_table":815,"minecraft:open_barrel":86,"minecraft:bell_ring":123,"minecraft:leave_game":112,"minecraft:time_since_death":36471,"minecraft:damage_blocked_by_shield":7085,"minecraft:play_time":5850731,"minecraft:deaths":29,"minecraft:jump":43373,"minecraft:enchant_item":64,"minecraft:interact_with_furnace":868,"minecraft:traded_with_villager":941,"minecraft:interact_with_cartography_table":15,"minecraft:sleep_in_bed":138,"minecraft:damage_dealt":125833,"minecraft:interact_with_smoker":2,"minecraft:inspect_dispenser":7,"minecraft:use_cauldron":80,"minecraft:horse_one_cm":446446,"minecraft:interact_with_smithing_table":14,"minecraft:interact_with_anvil":33,"minecraft:inspect_hopper":23,"minecraft:sneak_time":159604,"minecraft:interact_with_blast_furnace":1,"minecraft:total_world_time":5850731,"minecraft:interact_with_stonecutter":1,"minecraft:time_since_rest":1697,"minecraft:swim_one_cm":454463,"minecraft:fly_one_cm":3433796,"minecraft:open_chest":4483,"minecraft:fall_one_cm":567196,"minecraft:animals_bred":339,"minecraft:sprint_one_cm":14613077,"minecraft:drop":1314,"minecraft:talked_to_villager":690,"minecraft:interact_with_brewingstand":10,"minecraft:walk_on_water_one_cm":537882,"minecraft:interact_with_loom":2,"minecraft:crouch_one_cm":455753,"minecraft:mob_kills":1858,"minecraft:fill_cauldron":4,"minecraft:climb_one_cm":413745,"minecraft:walk_one_cm":16228933,"minecraft:walk_under_water_one_cm":731217,"minecraft:boat_one_cm":6352271,"minecraft:pot_flower":19,"minecraft:interact_with_grindstone":17,"minecraft:damage_taken":24205,"minecraft:minecart_one_cm":1968812},"minecraft:killed":{"minecraft:skeleton":73,"minecraft:guardian":1,"minecraft:chicken":7,"minecraft:magma_cube":139,"minecraft:salmon":5,"minecraft:iron_golem":4,"minecraft:pillager":12,"minecraft:zombie":1177,"minecraft:glow_squid":2,"minecraft:cow":72,"minecraft:horse":2,"minecraft:polar_bear":1,"minecraft:enderman":37,"minecraft:zombified_piglin":30,"minecraft:witch":1,"minecraft:spider":40,"minecraft:bee":3,"minecraft:turtle":13,"minecraft:piglin":3,"minecraft:pig":11,"minecraft:zombie_villager":11,"minecraft:creeper":30,"minecraft:sheep":33,"minecraft:stray":1,"minecraft:blaze":61,"minecraft:phantom":17,"minecraft:drowned":44,"minecraft:hoglin":1,"minecraft:squid":1,"minecraft:wither_skeleton":16,"minecraft:villager":6},"minecraft:broken":{"minecraft:diamond_helmet":1,"minecraft:iron_boots":1,"minecraft:iron_leggings":1,"minecraft:golden_sword":2,"minecraft:iron_sword":3,"minecraft:stone_sword":2,"minecraft:stone_hoe":1,"minecraft:shield":1,"minecraft:iron_axe":4,"minecraft:iron_pickaxe":29,"minecraft:iron_helmet":1,"minecraft:iron_shovel":4,"minecraft:stone_pickaxe":41,"minecraft:diamond_boots":1,"minecraft:stone_axe":3,"minecraft:stone_shovel":3},"minecraft:crafted":{"minecraft:smooth_stone":3,"minecraft:chainmail_helmet":1,"minecraft:oak_sign":45,"minecraft:dark_oak_pressure_plate":6,"minecraft:oak_pressure_plate":3,"minecraft:blaze_powder":2,"minecraft:loom":1,"minecraft:lever":2,"minecraft:diamond_shovel":2,"minecraft:bookshelf":50,"minecraft:cooked_mutton":45,"minecraft:deepslate_brick_stairs":184,"minecraft:quartz_block":222,"minecraft:glass":287,"minecraft:diamond_helmet":3,"minecraft:diamond_leggings":2,"minecraft:melon_seeds":12,"minecraft:stone_pressure_plate":1,"minecraft:tipped_arrow":5,"minecraft:iron_door":3,"minecraft:magenta_dye":2,"minecraft:name_tag":2,"minecraft:flower_pot":13,"minecraft:turtle_helmet":1,"minecraft:warped_stairs":4,"minecraft:glass_bottle":30,"minecraft:wooden_shovel":1,"minecraft:emerald":701,"minecraft:cooked_porkchop":3,"minecraft:diamond_axe":1,"minecraft:smithing_table":1,"minecraft:cobbled_deepslate_wall":318,"minecraft:copper_ingot":1414,"minecraft:fletching_table":1,"minecraft:oak_wood":3,"minecraft:hay_block":1,"minecraft:polished_deepslate_slab":18,"minecraft:painting":3,"minecraft:cartography_table":2,"minecraft:dark_oak_chest_boat":1,"minecraft:light_gray_bed":2,"minecraft:stone_brick_stairs":46,"minecraft:lectern":1,"minecraft:wooden_hoe":1,"minecraft:stone_slab":12,"minecraft:compass":11,"minecraft:iron_pickaxe":33,"minecraft:iron_block":155,"minecraft:gold_ingot":389,"minecraft:composter":8,"minecraft:magenta_wool":18,"minecraft:saddle":1,"minecraft:stone_shovel":10,"minecraft:leather_leggings":1,"minecraft:iron_nugget":172,"minecraft:spyglass":1,"minecraft:polished_deepslate_stairs":4,"minecraft:bone_meal":167,"minecraft:pink_dye":2,"minecraft:stone_stairs":4,"minecraft:lantern":70,"minecraft:dark_oak_fence":123,"minecraft:spruce_stairs":4,"minecraft:ladder":165,"minecraft:stone_pickaxe":45,"minecraft:diamond_boots":2,"minecraft:redstone_block":107,"minecraft:dark_oak_planks":3572,"minecraft:golden_helmet":1,"minecraft:crossbow":18,"minecraft:enchanting_table":1,"minecraft:blue_bed":8,"minecraft:acacia_stairs":8,"minecraft:glowstone":8,"minecraft:enchanted_book":9,"minecraft:oak_fence_gate":5,"minecraft:oak_chest_boat":1,"minecraft:golden_apple":3,"minecraft:acacia_sign":3,"minecraft:warped_sign":3,"minecraft:chainmail_boots":12,"minecraft:wooden_axe":1,"minecraft:oak_stairs":8,"minecraft:iron_shovel":6,"minecraft:iron_leggings":1,"minecraft:white_bed":7,"minecraft:brick":64,"minecraft:grindstone":2,"minecraft:oak_planks":1188,"minecraft:barrel":7,"minecraft:dark_oak_boat":2,"minecraft:leather_horse_armor":8,"minecraft:cooked_chicken":7,"minecraft:stone":2065,"minecraft:cobblestone_stairs":370,"minecraft:spruce_pressure_plate":4,"minecraft:warped_planks":24,"minecraft:dark_oak_door":9,"minecraft:hopper":16,"minecraft:bow":14,"minecraft:iron_boots":5,"minecraft:raw_copper":1059,"minecraft:chest":109,"minecraft:oak_button":1,"minecraft:copper_block":154,"minecraft:rail":928,"minecraft:stone_hoe":2,"minecraft:oak_fence":57,"minecraft:stone_bricks":268,"minecraft:smoker":1,"minecraft:quartz_stairs":8,"minecraft:oak_slab":96,"minecraft:item_frame":28,"minecraft:arrow":44,"minecraft:cauldron":16,"minecraft:map":2,"minecraft:crafting_table":20,"minecraft:spruce_planks":192,"minecraft:iron_helmet":1,"minecraft:wooden_pickaxe":16,"minecraft:chainmail_chestplate":17,"minecraft:light_gray_banner":7,"minecraft:gold_block":29,"minecraft:brewing_stand":2,"minecraft:birch_planks":718,"minecraft:dispenser":1,"minecraft:spruce_trapdoor":8,"minecraft:dark_oak_slab":120,"minecraft:iron_chestplate":1,"minecraft:book":82,"minecraft:paper":735,"minecraft:diamond_pickaxe":6,"minecraft:yellow_dye":1,"minecraft:shield":4,"minecraft:birch_fence":30,"minecraft:stick":1936,"minecraft:iron_ingot":1477,"minecraft:stone_sword":2,"minecraft:black_bed":2,"minecraft:redstone_torch":82,"minecraft:dark_oak_fence_gate":4,"minecraft:deepslate_bricks":576,"minecraft:shears":11,"minecraft:cobbled_deepslate_slab":18,"minecraft:wooden_sword":1,"minecraft:oak_door":6,"minecraft:redstone":27,"minecraft:tripwire_hook":2,"minecraft:leather_boots":19,"minecraft:blast_furnace":1,"minecraft:stone_button":4,"minecraft:furnace":17,"minecraft:dark_oak_trapdoor":50,"minecraft:dark_oak_sign":9,"minecraft:raw_copper_block":123,"minecraft:oak_trapdoor":20,"minecraft:glass_pane":288,"minecraft:flint_and_steel":1,"minecraft:scaffolding":72,"minecraft:polished_deepslate":896,"minecraft:iron_axe":8,"minecraft:iron_hoe":2,"minecraft:cobblestone_wall":387,"minecraft:birch_sign":20,"minecraft:minecart":18,"minecraft:cooked_beef":411,"minecraft:red_dye":134,"minecraft:diamond_sword":2,"minecraft:dark_oak_stairs":26,"minecraft:powered_rail":108,"minecraft:iron_sword":3,"minecraft:bowl":4,"minecraft:bucket":26,"minecraft:stone_axe":7,"minecraft:air":0,"minecraft:bread":74,"minecraft:oak_boat":1,"minecraft:white_dye":1,"minecraft:stonecutter":1,"minecraft:anvil":3,"minecraft:acacia_sapling":1,"minecraft:acacia_planks":18,"minecraft:torch":1662,"minecraft:magenta_carpet":27,"minecraft:lapis_lazuli":123,"minecraft:lapis_block":53,"minecraft:clay":476,"minecraft:diamond_chestplate":2},"minecraft:killed_by":{"minecraft:pillager":3,"minecraft:zombie":1,"minecraft:creeper":1,"minecraft:witch":1},"minecraft:mined":{"minecraft:dark_oak_planks":417,"minecraft:white_bed":32,"minecraft:jungle_leaves":6,"minecraft:obsidian":118,"minecraft:warped_stairs":5,"minecraft:granite":463,"minecraft:chiseled_polished_blackstone":1,"minecraft:acacia_log":41,"minecraft:light_gray_bed":2,"minecraft:oak_pressure_plate":4,"minecraft:deepslate_bricks":39,"minecraft:hopper":20,"minecraft:oxeye_daisy":3,"minecraft:oak_wall_sign":27,"minecraft:nether_wart":38,"minecraft:chiseled_stone_bricks":9,"minecraft:polished_blackstone_bricks":61,"minecraft:tall_seagrass":7,"minecraft:magma_block":14,"minecraft:dark_oak_trapdoor":75,"minecraft:cobbled_deepslate":374,"minecraft:fire":1,"minecraft:barrel":4,"minecraft:moss_carpet":108,"minecraft:deepslate_lapis_ore":58,"minecraft:fletching_table":1,"minecraft:enchanting_table":1,"minecraft:oak_sign":2,"minecraft:water_cauldron":4,"minecraft:cave_vines":44,"minecraft:polished_deepslate_slab":20,"minecraft:dirt_path":35,"minecraft:spruce_pressure_plate":4,"minecraft:deepslate_brick_stairs":84,"minecraft:white_banner":1,"minecraft:cut_sandstone":4,"minecraft:brown_mushroom":2,"minecraft:kelp_plant":10,"minecraft:crimson_nylium":1,"minecraft:amethyst_cluster":11,"minecraft:powder_snow":3,"minecraft:torch":194,"minecraft:blast_furnace":4,"minecraft:melon":23,"minecraft:glass":68,"minecraft:smooth_quartz_slab":2,"minecraft:sugar_cane":563,"minecraft:amethyst_block":386,"minecraft:chain":7,"minecraft:wheat":1187,"minecraft:lilac":7,"minecraft:black_bed":3,"minecraft:warped_fungus":3,"minecraft:stone_brick_stairs":44,"minecraft:grass":348,"minecraft:oak_fence_gate":3,"minecraft:dark_oak_sapling":37,"minecraft:loom":2,"minecraft:smooth_basalt":23,"minecraft:red_mushroom_block":90,"minecraft:stonecutter":1,"minecraft:deepslate":4426,"minecraft:mossy_cobblestone":111,"minecraft:stripped_birch_log":2,"minecraft:dark_oak_log":1211,"minecraft:sea_lantern":4,"minecraft:nether_bricks":47,"minecraft:cobbled_deepslate_slab":13,"minecraft:dark_oak_fence":77,"minecraft:allium":1,"minecraft:crimson_roots":3,"minecraft:redstone_wire":24,"minecraft:kelp":12,"minecraft:potted_bamboo":2,"minecraft:red_mushroom":1,"minecraft:moss_block":608,"minecraft:cartography_table":1,"minecraft:redstone_ore":21,"minecraft:snow":11,"minecraft:andesite":500,"minecraft:warped_wall_sign":1,"minecraft:big_dripleaf_stem":3,"minecraft:potatoes":5,"minecraft:vine":16,"minecraft:rail":88,"minecraft:warped_stem":97,"minecraft:potted_spruce_sapling":1,"minecraft:bamboo":17,"minecraft:bone_block":18,"minecraft:smithing_table":5,"minecraft:oak_slab":8,"minecraft:soul_sand":146,"minecraft:lily_of_the_valley":37,"minecraft:potted_lily_of_the_valley":1,"minecraft:stone_brick_slab":1,"minecraft:dandelion":13,"minecraft:cornflower":7,"minecraft:cobbled_deepslate_wall":57,"minecraft:emerald_ore":2,"minecraft:warped_roots":24,"minecraft:copper_ore":381,"minecraft:tall_grass":44,"minecraft:deepslate_gold_ore":107,"minecraft:diorite":476,"minecraft:big_dripleaf":4,"minecraft:warped_wart_block":406,"minecraft:coarse_dirt":47,"minecraft:cobblestone_wall":43,"minecraft:dark_oak_wall_sign":5,"minecraft:white_carpet":2,"minecraft:spruce_log":184,"minecraft:birch_leaves":26,"minecraft:dark_oak_sign":4,"minecraft:sunflower":10,"minecraft:gravel":457,"minecraft:dripstone_block":65,"minecraft:cobweb":1,"minecraft:acacia_planks":1,"minecraft:oak_button":1,"minecraft:birch_sign":7,"minecraft:stone_bricks":248,"minecraft:gold_ore":58,"minecraft:chipped_anvil":1,"minecraft:fern":6,"minecraft:large_amethyst_bud":4,"minecraft:spruce_planks":1,"minecraft:farmland":2,"minecraft:oak_sapling":4,"minecraft:sculk_vein":8,"minecraft:cobblestone_stairs":30,"minecraft:brewing_stand":2,"minecraft:spruce_trapdoor":19,"minecraft:cave_vines_plant":7,"minecraft:budding_amethyst":2,"minecraft:grass_block":1230,"minecraft:cracked_polished_blackstone_bricks":26,"minecraft:soul_soil":16,"minecraft:composter":61,"minecraft:gilded_blackstone":14,"minecraft:glowstone":78,"minecraft:iron_ore":483,"minecraft:turtle_egg":12,"minecraft:anvil":1,"minecraft:azure_bluet":1,"minecraft:dark_oak_stairs":22,"minecraft:pointed_dripstone":22,"minecraft:flowering_azalea_leaves":3,"minecraft:birch_wall_sign":10,"minecraft:azalea_leaves":7,"minecraft:azalea":26,"minecraft:deepslate_redstone_ore":224,"minecraft:blackstone":228,"minecraft:polished_deepslate_stairs":1,"minecraft:medium_amethyst_bud":2,"minecraft:clay":1274,"minecraft:calcite":111,"minecraft:poppy":62,"minecraft:chest":121,"minecraft:mushroom_stem":10,"minecraft:cobblestone":448,"minecraft:nether_quartz_ore":891,"minecraft:grindstone":2,"minecraft:oak_planks":129,"minecraft:iron_door":8,"minecraft:wall_torch":295,"minecraft:cauldron":5,"minecraft:deepslate_copper_ore":9,"minecraft:seagrass":14,"minecraft:stone_stairs":6,"minecraft:warped_nylium":3,"minecraft:powered_rail":19,"minecraft:dark_oak_slab":27,"minecraft:dark_oak_door":8,"minecraft:nether_wart_block":8,"minecraft:birch_log":316,"minecraft:blue_ice":269,"minecraft:stripped_oak_wood":3,"minecraft:orange_tulip":1,"minecraft:oak_log":418,"minecraft:sand":858,"minecraft:dirt":2433,"minecraft:tripwire_hook":3,"minecraft:netherrack":5191,"minecraft:ancient_debris":1,"minecraft:oak_leaves":130,"minecraft:crying_obsidian":11,"minecraft:nether_gold_ore":100,"minecraft:diamond_ore":3,"minecraft:tuff":291,"minecraft:dark_oak_leaves":91,"minecraft:deepslate_diamond_ore":108,"minecraft:oak_door":3,"minecraft:glow_lichen":5,"minecraft:dark_oak_pressure_plate":19,"minecraft:lever":7,"minecraft:ladder":29,"minecraft:stone_button":7,"minecraft:potted_azalea_bush":2,"minecraft:weeping_vines":1,"minecraft:spruce_leaves":5,"minecraft:sandstone":167,"minecraft:large_fern":6,"minecraft:hay_block":10,"minecraft:spore_blossom":1,"minecraft:oak_trapdoor":28,"minecraft:potted_dark_oak_sapling":1,"minecraft:furnace":29,"minecraft:carrots":166,"minecraft:nether_sprouts":2,"minecraft:acacia_stairs":3,"minecraft:dark_oak_fence_gate":2,"minecraft:peony":18,"minecraft:gold_block":23,"minecraft:nether_brick_fence":4,"minecraft:polished_deepslate":24,"minecraft:bookshelf":26,"minecraft:shroomlight":17,"minecraft:deepslate_iron_ore":164,"minecraft:lantern":27,"minecraft:packed_ice":274,"minecraft:white_tulip":1,"minecraft:stone":9341,"minecraft:redstone_wall_torch":4,"minecraft:podzol":5,"minecraft:scaffolding":5,"minecraft:acacia_leaves":2,"minecraft:flowering_azalea":49,"minecraft:snow_block":35,"minecraft:stripped_dark_oak_log":1,"minecraft:basalt":1149,"minecraft:oak_fence":44,"minecraft:crafting_table":18,"minecraft:rose_bush":53,"minecraft:sculk_sensor":1,"minecraft:lectern":206,"minecraft:lapis_ore":51,"minecraft:polished_blackstone_brick_stairs":1,"minecraft:sculk":151,"minecraft:birch_planks":2,"minecraft:redstone_torch":11,"minecraft:sweet_berry_bush":28,"minecraft:ice":45,"minecraft:white_wall_banner":6,"minecraft:bee_nest":2,"minecraft:coal_ore":977,"minecraft:cocoa":9,"minecraft:cracked_stone_bricks":6,"minecraft:small_dripleaf":2,"minecraft:mossy_stone_bricks":23,"minecraft:acacia_wall_sign":1,"minecraft:birch_fence":12},"minecraft:dropped":{"minecraft:porkchop":3,"minecraft:cooked_beef":151,"minecraft:glass_bottle":2,"minecraft:crafting_table":2,"minecraft:crossbow":17,"minecraft:orange_tulip":1,"minecraft:red_mushroom":2,"minecraft:gold_block":1,"minecraft:dirt":1153,"minecraft:birch_fence":14,"minecraft:raw_copper_block":15,"minecraft:dark_oak_fence":128,"minecraft:dark_oak_trapdoor":6,"minecraft:gold_nugget":66,"minecraft:sunflower":8,"minecraft:sand":48,"minecraft:iron_pickaxe":1,"minecraft:dark_oak_planks":211,"minecraft:white_wool":5,"minecraft:bone":21,"minecraft:dark_oak_door":4,"minecraft:stone_axe":4,"minecraft:sugar_cane":1,"minecraft:lever":2,"minecraft:cobbled_deepslate":635,"minecraft:birch_sapling":2,"minecraft:obsidian":7,"minecraft:rotten_flesh":529,"minecraft:oak_planks":2,"minecraft:nether_brick_fence":1,"minecraft:salmon":3,"minecraft:leather_boots":16,"minecraft:ladder":32,"minecraft:leather_leggings":2,"minecraft:glass":9,"minecraft:stone_brick_stairs":12,"minecraft:egg":4,"minecraft:enchanted_book":6,"minecraft:golden_boots":2,"minecraft:wheat_seeds":1682,"minecraft:cobbled_deepslate_wall":4,"minecraft:oak_fence":3,"minecraft:cobblestone":3848,"minecraft:apple":2,"minecraft:granite":238,"minecraft:chainmail_helmet":1,"minecraft:coal":35,"minecraft:oxeye_daisy":4,"minecraft:lava_bucket":3,"minecraft:sculk":1,"minecraft:red_dye":3,"minecraft:iron_shovel":3,"minecraft:string":1,"minecraft:lily_pad":17,"minecraft:stone_brick_slab":2,"minecraft:furnace":4,"minecraft:soul_soil":4,"minecraft:cobblestone_wall":1,"minecraft:dark_oak_sign":16,"minecraft:stone_shovel":10,"minecraft:chicken":1,"minecraft:white_carpet":5,"minecraft:clay_ball":364,"minecraft:iron_boots":4,"minecraft:cobbled_deepslate_slab":3,"minecraft:nether_bricks":12,"minecraft:oak_sign":7,"minecraft:shears":9,"minecraft:stone":86,"minecraft:allium":1,"minecraft:spruce_planks":5,"minecraft:diamond_pickaxe":2,"minecraft:spider_eye":4,"minecraft:stone_bricks":7,"minecraft:bow":26,"minecraft:magma_block":1,"minecraft:warped_stem":38,"minecraft:brown_mushroom":1,"minecraft:moss_block":4,"minecraft:birch_planks":65,"minecraft:diamond_axe":1,"minecraft:warped_fungus":1,"minecraft:oak_log":33,"minecraft:dark_oak_sapling":10,"minecraft:leather":1,"minecraft:iron_horse_armor":2,"minecraft:flint":3,"minecraft:cobblestone_stairs":1,"minecraft:packed_ice":161,"minecraft:dark_oak_log":42,"minecraft:ice":1,"minecraft:cornflower":2,"minecraft:crimson_roots":1,"minecraft:cut_sandstone":6,"minecraft:snowball":141,"minecraft:light_gray_banner":1,"minecraft:polished_blackstone_bricks":12,"minecraft:stripped_oak_wood":1,"minecraft:gold_ingot":8,"minecraft:gravel":447,"minecraft:white_tulip":1,"minecraft:blackstone":81,"minecraft:diamond_shovel":1,"minecraft:stone_stairs":1,"minecraft:acacia_stairs":10,"minecraft:carrot":111,"minecraft:chainmail_chestplate":17,"minecraft:poppy":36,"minecraft:leather_chestplate":1,"minecraft:oak_wood":3,"minecraft:melon_seeds":5,"minecraft:azalea":32,"minecraft:chest":4,"minecraft:chainmail_boots":12,"minecraft:basalt":23,"minecraft:arrow":2,"minecraft:netherrack":1854,"minecraft:stone_hoe":1,"minecraft:golden_helmet":1,"minecraft:mossy_cobblestone":5,"minecraft:minecart":3,"minecraft:dark_oak_pressure_plate":12,"minecraft:copper_ingot":43,"minecraft:grass_block":8,"minecraft:stick":3,"minecraft:deepslate_brick_stairs":3,"minecraft:diorite":235,"minecraft:torch":53,"minecraft:leather_horse_armor":6,"minecraft:brown_wool":2,"minecraft:iron_axe":7,"minecraft:tripwire_hook":1,"minecraft:bucket":4,"minecraft:polished_deepslate":16,"minecraft:kelp":7,"minecraft:sweet_berries":1,"minecraft:warped_nylium":5,"minecraft:raw_copper":535,"minecraft:tuff":163,"minecraft:composter":1,"minecraft:iron_hoe":1,"minecraft:flint_and_steel":3,"minecraft:filled_map":8,"minecraft:shield":5,"minecraft:iron_chestplate":1,"minecraft:andesite":189,"minecraft:oak_sapling":4,"minecraft:golden_sword":1,"minecraft:spruce_log":119,"minecraft:wooden_pickaxe":16},"minecraft:used":{"minecraft:moss_block":127,"minecraft:dispenser":1,"minecraft:ladder":182,"minecraft:poppy":11,"minecraft:warped_sign":4,"minecraft:chest":200,"minecraft:stone":111,"minecraft:quartz_stairs":8,"minecraft:soul_sand":54,"minecraft:lily_of_the_valley":26,"minecraft:acacia_sapling":17,"minecraft:lava_bucket":81,"minecraft:grass_block":39,"minecraft:quartz_block":1,"minecraft:dark_oak_slab":81,"minecraft:stone_brick_stairs":44,"minecraft:bow":630,"minecraft:dark_oak_boat":19,"minecraft:oak_sapling":4,"minecraft:furnace":44,"minecraft:potato":1,"minecraft:diorite":7,"minecraft:powered_rail":113,"minecraft:blackstone":84,"minecraft:wooden_pickaxe":37,"minecraft:composter":64,"minecraft:clay":414,"minecraft:oak_leaves":4,"minecraft:dark_oak_trapdoor":103,"minecraft:glow_berries":2,"minecraft:sand":172,"minecraft:blast_furnace":4,"minecraft:deepslate_brick_stairs":261,"minecraft:birch_fence":40,"minecraft:stone_button":13,"minecraft:lectern":207,"minecraft:oak_pressure_plate":4,"minecraft:lilac":2,"minecraft:diamond_sword":2348,"minecraft:wooden_sword":10,"minecraft:dark_oak_fence":169,"minecraft:smithing_table":5,"minecraft:ice":4,"minecraft:oak_trapdoor":39,"minecraft:enchanting_table":2,"minecraft:stone_sword":339,"minecraft:netherrack":1447,"minecraft:torch":2065,"minecraft:brewing_stand":4,"minecraft:anvil":4,"minecraft:nether_quartz_ore":8,"minecraft:stone_stairs":6,"minecraft:oak_fence_gate":8,"minecraft:shroomlight":4,"minecraft:flowering_azalea":20,"minecraft:chipped_anvil":1,"minecraft:light_weighted_pressure_plate":1,"minecraft:iron_axe":1447,"minecraft:barrel":11,"minecraft:melon_seeds":7,"minecraft:bamboo":8,"minecraft:basalt":267,"minecraft:tripwire_hook":3,"minecraft:warped_stairs":7,"minecraft:cobbled_deepslate":1906,"minecraft:acacia_planks":1,"minecraft:pointed_dripstone":18,"minecraft:wheat_seeds":1243,"minecraft:water_bucket":137,"minecraft:birch_planks":28,"minecraft:cartography_table":3,"minecraft:cauldron":25,"minecraft:fletching_table":2,"minecraft:deepslate_bricks":324,"minecraft:polished_blackstone_bricks":13,"minecraft:polished_deepslate_slab":33,"minecraft:mossy_cobblestone":5,"minecraft:light_gray_banner":2,"minecraft:rail":920,"minecraft:oak_slab":71,"minecraft:crafting_table":33,"minecraft:birch_sign":41,"minecraft:white_bed":37,"minecraft:dark_oak_fence_gate":6,"minecraft:spruce_log":1,"minecraft:oak_log":33,"minecraft:diamond_pickaxe":14271,"minecraft:diamond_shovel":3840,"minecraft:acacia_sign":5,"minecraft:oak_button":2,"minecraft:iron_pickaxe":9725,"minecraft:spruce_pressure_plate":8,"minecraft:spruce_trapdoor":23,"minecraft:cobblestone":2344,"minecraft:potion":1,"minecraft:cooked_porkchop":6,"minecraft:dark_oak_chest_boat":7,"minecraft:glass_pane":23,"minecraft:dandelion":9,"minecraft:moss_carpet":70,"minecraft:iron_shovel":1456,"minecraft:polished_deepslate":249,"minecraft:oak_sign":63,"minecraft:shield":162,"minecraft:iron_sword":862,"minecraft:nether_wart":54,"minecraft:carrot":202,"minecraft:tuff":2,"minecraft:axolotl_bucket":2,"minecraft:obsidian":63,"minecraft:polished_deepslate_stairs":3,"minecraft:glass":107,"minecraft:lantern":55,"minecraft:warped_nylium":2,"minecraft:stone_bricks":422,"minecraft:item_frame":30,"minecraft:golden_sword":48,"minecraft:magma_block":2,"minecraft:hay_block":10,"minecraft:scaffolding":133,"minecraft:oak_chest_boat":6,"minecraft:dark_oak_sapling":72,"minecraft:dark_oak_stairs":36,"minecraft:stone_pickaxe":5744,"minecraft:dark_oak_sign":12,"minecraft:oak_planks":464,"minecraft:sugar_cane":104,"minecraft:diamond_axe":2503,"minecraft:blue_bed":4,"minecraft:loom":3,"minecraft:crossbow":7,"minecraft:black_bed":5,"minecraft:shears":2,"minecraft:redstone_torch":78,"minecraft:lever":13,"minecraft:dark_oak_log":43,"minecraft:melon_slice":73,"minecraft:bread":78,"minecraft:iron_door":10,"minecraft:grindstone":4,"minecraft:andesite":15,"minecraft:coarse_dirt":44,"minecraft:bone_meal":51,"minecraft:golden_pickaxe":141,"minecraft:oak_fence":92,"minecraft:azalea":2,"minecraft:rose_bush":22,"minecraft:flint_and_steel":9,"minecraft:stone_shovel":402,"minecraft:redstone":24,"minecraft:spruce_planks":1,"minecraft:stone_hoe":223,"minecraft:cooked_chicken":3,"minecraft:oak_door":6,"minecraft:dirt":2810,"minecraft:spyglass":12,"minecraft:white_carpet":3,"minecraft:hopper":30,"minecraft:spruce_stairs":4,"minecraft:cobblestone_wall":247,"minecraft:granite":22,"minecraft:iron_hoe":826,"minecraft:dark_oak_planks":1242,"minecraft:wooden_axe":45,"minecraft:bookshelf":49,"minecraft:oak_stairs":5,"minecraft:dark_oak_pressure_plate":24,"minecraft:minecart":54,"minecraft:stone_pressure_plate":1,"minecraft:cooked_beef":361,"minecraft:turtle_egg":12,"minecraft:light_gray_bed":4,"minecraft:cobbled_deepslate_wall":307,"minecraft:cooked_mutton":45,"minecraft:amethyst_block":77,"minecraft:cobblestone_stairs":223,"minecraft:glass_bottle":1,"minecraft:stonecutter":2,"minecraft:painting":66,"minecraft:magenta_carpet":27,"minecraft:dark_oak_door":18,"minecraft:smoker":1,"minecraft:flower_pot":19,"minecraft:acacia_stairs":6,"minecraft:apple":4,"minecraft:map":2,"minecraft:stone_axe":477,"minecraft:fishing_rod":18,"minecraft:cobbled_deepslate_slab":20,"minecraft:white_banner":10,"minecraft:bucket":280},"minecraft:picked_up":{"minecraft:seagrass":31,"minecraft:flower_pot":9,"minecraft:anvil":1,"minecraft:smithing_table":5,"minecraft:stone_slab":5,"minecraft:oak_stairs":3,"minecraft:enchanted_book":2,"minecraft:brewing_stand":2,"minecraft:golden_sword":2,"minecraft:amethyst_block":369,"minecraft:polished_deepslate":23,"minecraft:string":35,"minecraft:dark_oak_pressure_plate":33,"minecraft:dark_oak_trapdoor":62,"minecraft:soul_soil":4,"minecraft:shroomlight":16,"minecraft:gold_nugget":379,"minecraft:cobbled_deepslate":4679,"minecraft:spruce_planks":46,"minecraft:acacia_sign":3,"minecraft:melon_slice":105,"minecraft:dark_oak_door":15,"minecraft:spruce_pressure_plate":4,"minecraft:composter":58,"minecraft:big_dripleaf":17,"minecraft:acacia_log":41,"minecraft:cauldron":9,"minecraft:stone_sword":1,"minecraft:light_gray_bed":2,"minecraft:glowstone":8,"minecraft:blaze_rod":27,"minecraft:snowball":141,"minecraft:birch_log":299,"minecraft:magma_block":5,"minecraft:feather":5,"minecraft:cooked_beef":147,"minecraft:iron_door":8,"minecraft:brown_wool":3,"minecraft:dark_oak_boat":18,"minecraft:flint":71,"minecraft:lantern":58,"minecraft:chipped_anvil":1,"minecraft:stonecutter":1,"minecraft:dark_oak_sign":35,"minecraft:glowstone_dust":274,"minecraft:moss_block":361,"minecraft:chiseled_polished_blackstone":1,"minecraft:warped_wart_block":313,"minecraft:loom":2,"minecraft:acacia_stairs":13,"minecraft:dark_oak_log":1169,"minecraft:barrel":4,"minecraft:iron_hoe":1,"minecraft:lever":15,"minecraft:blue_ice":256,"minecraft:granite":477,"minecraft:dark_oak_fence":264,"minecraft:crimson_roots":3,"minecraft:diamond_pickaxe":2,"minecraft:crafting_table":19,"minecraft:coarse_dirt":44,"minecraft:nether_wart":60,"minecraft:clay_ball":5264,"minecraft:leather_leggings":3,"minecraft:cornflower":7,"minecraft:flint_and_steel":2,"minecraft:white_carpet":8,"minecraft:iron_shovel":1,"minecraft:glass_pane":20,"minecraft:cracked_stone_bricks":5,"minecraft:cartography_table":1,"minecraft:beef":195,"minecraft:poppy":54,"minecraft:minecart":59,"minecraft:chest":115,"minecraft:birch_sapling":51,"minecraft:raw_copper_block":238,"minecraft:egg":12,"minecraft:sandstone":30,"minecraft:polished_deepslate_slab":18,"minecraft:stone":140,"minecraft:oak_door":5,"minecraft:carrot":502,"minecraft:redstone":1090,"minecraft:prismarine_crystals":9,"minecraft:stone_shovel":3,"minecraft:peony":17,"minecraft:shears":1,"minecraft:deepslate_bricks":39,"minecraft:hay_block":9,"minecraft:warped_sign":2,"minecraft:gold_ingot":2,"minecraft:oak_chest_boat":5,"minecraft:glow_berries":6,"minecraft:mutton":53,"minecraft:white_wool":48,"minecraft:bone_block":18,"minecraft:rail":90,"minecraft:oxeye_daisy":5,"minecraft:tripwire_hook":3,"minecraft:red_mushroom":27,"minecraft:filled_map":2,"minecraft:oak_log":475,"minecraft:lily_pad":17,"minecraft:ancient_debris":1,"minecraft:golden_boots":3,"minecraft:sculk_vein":4,"minecraft:paper":133,"minecraft:white_banner":10,"minecraft:apple":19,"minecraft:stone_bricks":276,"minecraft:kelp":53,"minecraft:warped_stem":127,"minecraft:spore_blossom":1,"minecraft:oak_fence_gate":7,"minecraft:glass_bottle":1,"minecraft:iron_sword":2,"minecraft:flowering_azalea":50,"minecraft:dark_oak_stairs":20,"minecraft:smooth_basalt":18,"minecraft:dark_oak_slab":35,"minecraft:sweet_berries":65,"minecraft:sculk":5,"minecraft:red_wool":8,"minecraft:gravel":811,"minecraft:spruce_sapling":32,"minecraft:spruce_log":284,"minecraft:crying_obsidian":11,"minecraft:sea_lantern":1,"minecraft:diamond_shovel":2,"minecraft:stone_axe":1,"minecraft:diamond_axe":4,"minecraft:scute":5,"minecraft:painting":51,"minecraft:birch_sign":18,"minecraft:gray_wool":22,"minecraft:warped_roots":28,"minecraft:oak_button":1,"minecraft:warped_nylium":7,"minecraft:stripped_dark_oak_log":1,"minecraft:hopper":20,"minecraft:ender_pearl":17,"minecraft:wheat":1105,"minecraft:nether_brick_fence":5,"minecraft:yellow_wool":7,"minecraft:turtle_egg":12,"minecraft:gilded_blackstone":11,"minecraft:stone_brick_stairs":56,"minecraft:warped_stairs":5,"minecraft:raw_copper":2008,"minecraft:oak_sign":45,"minecraft:bucket":4,"minecraft:red_dye":4,"minecraft:white_tulip":1,"minecraft:rose_bush":48,"minecraft:redstone_torch":15,"minecraft:calcite":109,"minecraft:azalea":68,"minecraft:iron_pickaxe":1,"minecraft:furnace":35,"minecraft:stick":239,"minecraft:polished_deepslate_stairs":1,"minecraft:oak_fence":56,"minecraft:torch":676,"minecraft:porkchop":16,"minecraft:pointed_dripstone":64,"minecraft:diorite":440,"minecraft:light_gray_banner":6,"minecraft:nether_gold_ore":13,"minecraft:rotten_flesh":692,"minecraft:leather_horse_armor":1,"minecraft:deepslate_brick_stairs":85,"minecraft:obsidian":122,"minecraft:cobblestone":11000,"minecraft:enchanting_table":1,"minecraft:lilac":8,"minecraft:magma_cream":7,"minecraft:andesite":410,"minecraft:black_bed":3,"minecraft:potato":2,"minecraft:tuff":292,"minecraft:wither_skeleton_skull":1,"minecraft:lapis_lazuli":700,"minecraft:dirt":4520,"minecraft:stripped_birch_log":2,"minecraft:leather_boots":3,"minecraft:glass":64,"minecraft:bone":90,"minecraft:acacia_planks":1,"minecraft:wheat_seeds":3769,"minecraft:bow":14,"minecraft:orange_tulip":1,"minecraft:cobbled_deepslate_wall":51,"minecraft:raw_gold":160,"minecraft:cobbled_deepslate_slab":21,"minecraft:grindstone":2,"minecraft:mossy_stone_bricks":21,"minecraft:fletching_table":1,"minecraft:bamboo":191,"minecraft:powered_rail":20,"minecraft:oak_planks":156,"minecraft:oak_pressure_plate":7,"minecraft:sand":766,"minecraft:grass_block":52,"minecraft:lily_of_the_valley":37,"minecraft:mossy_cobblestone":111,"minecraft:diamond":111,"minecraft:cracked_polished_blackstone_bricks":22,"minecraft:bone_meal":1,"minecraft:emerald":104,"minecraft:oak_sapling":145,"minecraft:netherrack":3809,"minecraft:oak_leaves":4,"minecraft:fishing_rod":1,"minecraft:cocoa_beans":22,"minecraft:allium":1,"minecraft:azure_bluet":2,"minecraft:chicken":6,"minecraft:ladder":53,"minecraft:pink_wool":3,"minecraft:brown_mushroom":1,"minecraft:packed_ice":225,"minecraft:wooden_pickaxe":1,"minecraft:gold_block":25,"minecraft:chain":6,"minecraft:shield":3,"minecraft:stone_stairs":13,"minecraft:oak_trapdoor":27,"minecraft:moss_carpet":113,"minecraft:iron_axe":5,"minecraft:item_frame":2,"minecraft:birch_fence":24,"minecraft:magenta_wool":9,"minecraft:blackstone":219,"minecraft:light_gray_wool":38,"minecraft:lectern":206,"minecraft:sugar_cane":845,"minecraft:spruce_trapdoor":16,"minecraft:phantom_membrane":4,"minecraft:dark_oak_sapling":128,"minecraft:raw_iron":647,"minecraft:copper_ingot":75,"minecraft:polished_blackstone_bricks":26,"minecraft:stone_button":9,"minecraft:dark_oak_planks":825,"minecraft:arrow":129,"minecraft:nether_bricks":53,"minecraft:saddle":1,"minecraft:basalt":399,"minecraft:glow_ink_sac":5,"minecraft:salmon":7,"minecraft:cut_sandstone":6,"minecraft:leather":86,"minecraft:birch_planks":33,"minecraft:ice":35,"minecraft:cobblestone_wall":39,"minecraft:gunpowder":17,"minecraft:cobblestone_stairs":37,"minecraft:iron_ingot":439,"minecraft:stripped_oak_wood":5,"minecraft:acacia_sapling":17,"minecraft:soul_sand":67,"minecraft:book":78,"minecraft:scaffolding":116,"minecraft:oak_slab":12,"minecraft:warped_fungus":3,"minecraft:nether_quartz_ore":8,"minecraft:chiseled_stone_bricks":9,"minecraft:stone_brick_slab":2,"minecraft:quartz":1020,"minecraft:dandelion":13,"minecraft:dripstone_block":64,"minecraft:lava_bucket":33,"minecraft:amethyst_shard":44,"minecraft:blast_furnace":3,"minecraft:white_bed":31,"minecraft:dark_oak_fence_gate":2,"minecraft:dark_oak_chest_boat":7,"minecraft:spider_eye":10,"minecraft:black_wool":33,"minecraft:coal":1224,"minecraft:sunflower":8}},"DataVersion":3218}