{"stats":{"minecraft:killed_by":{"minecraft:creeper":2,"minecraft:zombie":2,"minecraft:hoglin":1,"minecraft:skeleton":3},"minecraft:used":{"minecraft:moss_carpet":1,"minecraft:jack_o_lantern":7,"minecraft:iron_shovel":463,"minecraft:ladder":4,"minecraft:chest":31,"minecraft:iron_sword":467,"minecraft:grass":1,"minecraft:rotten_flesh":22,"minecraft:oxidized_cut_copper":1,"minecraft:lily_of_the_valley":2,"minecraft:carrot":45,"minecraft:honey_bottle":2,"minecraft:tuff":2,"minecraft:beehive":6,"minecraft:azure_bluet":1,"minecraft:weeping_vines":1,"minecraft:glass":1,"minecraft:milk_bucket":1,"minecraft:big_dripleaf":1,"minecraft:birch_sapling":4,"minecraft:lantern":61,"minecraft:blue_orchid":9,"minecraft:dark_oak_slab":81,"minecraft:dark_oak_leaves":7,"minecraft:golden_sword":32,"minecraft:birch_trapdoor":15,"minecraft:dark_oak_boat":16,"minecraft:hay_block":18,"minecraft:scaffolding":43,"minecraft:oak_sapling":124,"minecraft:yellow_glazed_terracotta":36,"minecraft:furnace":10,"minecraft:beetroot_seeds":5,"minecraft:egg":45,"minecraft:potato":27,"minecraft:dark_oak_sapling":58,"minecraft:dark_oak_stairs":306,"minecraft:diorite":1,"minecraft:oak_planks":51,"minecraft:warped_fungus_on_a_stick":3,"minecraft:stone_pickaxe":260,"minecraft:stripped_birch_log":1,"minecraft:wooden_pickaxe":64,"minecraft:sandstone":3,"minecraft:blue_bed":3,"minecraft:composter":3,"minecraft:glow_berries":4,"minecraft:dark_oak_trapdoor":4,"minecraft:golden_hoe":27,"minecraft:sand":12,"minecraft:crossbow":6,"minecraft:pumpkin_seeds":8,"minecraft:shears":41,"minecraft:deepslate_tiles":126,"minecraft:dark_oak_log":296,"minecraft:warped_slab":4,"minecraft:melon_slice":15,"minecraft:bread":65,"minecraft:spore_blossom":1,"minecraft:white_glazed_terracotta":25,"minecraft:gravel":2,"minecraft:diamond_sword":67,"minecraft:nether_wart_block":87,"minecraft:grindstone":1,"minecraft:crimson_door":7,"minecraft:dark_oak_fence":485,"minecraft:andesite":45,"minecraft:birch_log":2,"minecraft:chain":6,"minecraft:oak_boat":1,"minecraft:cobweb":2,"minecraft:bone_meal":84,"minecraft:azalea":5,"minecraft:oak_fence":224,"minecraft:stone_sword":134,"minecraft:crimson_fence":6,"minecraft:white_tulip":3,"minecraft:flint_and_steel":10,"minecraft:carved_pumpkin":3,"minecraft:cooked_chicken":12,"minecraft:netherrack":10,"minecraft:torch":62,"minecraft:dirt":107,"minecraft:warped_wart_block":48,"minecraft:golden_shovel":32,"minecraft:granite":6,"minecraft:oak_fence_gate":3,"minecraft:mossy_cobblestone_stairs":4,"minecraft:birch_door":12,"minecraft:dark_oak_planks":131,"minecraft:flowering_azalea":11,"minecraft:iron_axe":3029,"minecraft:oak_stairs":24,"minecraft:crimson_planks":58,"minecraft:melon_seeds":4,"minecraft:goat_horn":10,"minecraft:deepslate_tile_stairs":5,"minecraft:minecart":3,"minecraft:cooked_beef":16,"minecraft:cobbled_deepslate":69,"minecraft:pumpkin":34,"minecraft:golden_axe":50,"minecraft:wheat_seeds":98,"minecraft:cooked_mutton":16,"minecraft:water_bucket":34,"minecraft:cobblestone_stairs":65,"minecraft:birch_planks":6,"minecraft:glass_bottle":2,"minecraft:baked_potato":62,"minecraft:cauldron":7,"minecraft:cobblestone_slab":502,"minecraft:polished_blackstone_bricks":1,"minecraft:mossy_cobblestone":55,"minecraft:stripped_dark_oak_log":57,"minecraft:crimson_trapdoor":6,"minecraft:crafting_table":19,"minecraft:cyan_glazed_terracotta":1,"minecraft:birch_sign":15,"minecraft:dark_oak_fence_gate":18,"minecraft:campfire":8,"minecraft:warped_planks":378,"minecraft:cake":1,"minecraft:smoker":1,"minecraft:oak_log":4,"minecraft:apple":44,"minecraft:iron_pickaxe":2034,"minecraft:suspicious_stew":1,"minecraft:map":2,"minecraft:fishing_rod":10,"minecraft:cobblestone":382,"minecraft:white_banner":2,"minecraft:cooked_porkchop":1,"minecraft:yellow_bed":1,"minecraft:bucket":34,"minecraft:glass_pane":114,"minecraft:pumpkin_pie":47,"minecraft:dandelion":2,"minecraft:candle":13},"minecraft:killed":{"minecraft:cave_spider":1,"minecraft:spider":19,"minecraft:cod":1,"minecraft:skeleton":28,"minecraft:chicken":15,"minecraft:piglin":3,"minecraft:pig":1,"minecraft:zombie_villager":3,"minecraft:salmon":4,"minecraft:creeper":3,"minecraft:sheep":5,"minecraft:pillager":8,"minecraft:zombie":60,"minecraft:ghast":2,"minecraft:glow_squid":1,"minecraft:cow":8,"minecraft:slime":5,"minecraft:phantom":4,"minecraft:frog":2,"minecraft:hoglin":1},"minecraft:custom":{"minecraft:animals_bred":44,"minecraft:interact_with_crafting_table":195,"minecraft:open_barrel":12,"minecraft:bell_ring":19,"minecraft:eat_cake_slice":7,"minecraft:leave_game":14,"minecraft:time_since_death":194628,"minecraft:sprint_one_cm":5173876,"minecraft:drop":55,"minecraft:talked_to_villager":29,"minecraft:play_time":1127787,"minecraft:deaths":13,"minecraft:jump":11241,"minecraft:walk_on_water_one_cm":99605,"minecraft:interact_with_furnace":103,"minecraft:traded_with_villager":1,"minecraft:interact_with_cartography_table":1,"minecraft:sleep_in_bed":24,"minecraft:damage_dealt":30373,"minecraft:crouch_one_cm":65873,"minecraft:interact_with_smoker":13,"minecraft:use_cauldron":1,"minecraft:horse_one_cm":265547,"minecraft:interact_with_smithing_table":13,"minecraft:interact_with_anvil":6,"minecraft:mob_kills":180,"minecraft:fill_cauldron":1,"minecraft:climb_one_cm":36925,"minecraft:walk_one_cm":3601602,"minecraft:sneak_time":28344,"minecraft:walk_under_water_one_cm":48833,"minecraft:boat_one_cm":2317260,"minecraft:interact_with_blast_furnace":6,"minecraft:total_world_time":1127787,"minecraft:interact_with_stonecutter":20,"minecraft:interact_with_grindstone":5,"minecraft:time_since_rest":15194,"minecraft:damage_taken":12316,"minecraft:minecart_one_cm":66601,"minecraft:swim_one_cm":85634,"minecraft:fly_one_cm":2094383,"minecraft:open_chest":679,"minecraft:fall_one_cm":265363},"minecraft:dropped":{"minecraft:dark_oak_stairs":62,"minecraft:birch_planks":2,"minecraft:cooked_beef":1,"minecraft:oak_log":30,"minecraft:weeping_vines":18,"minecraft:warped_roots":2,"minecraft:saddle":1,"minecraft:iron_pickaxe":2,"minecraft:white_wool":3,"minecraft:birch_stairs":2,"minecraft:crimson_fungus":2,"minecraft:iron_nugget":12,"minecraft:obsidian":2,"minecraft:oak_planks":7,"minecraft:melon_seeds":1,"minecraft:azalea":1,"minecraft:warped_wart_block":158,"minecraft:cartography_table":1,"minecraft:crimson_planks":4,"minecraft:wheat_seeds":2,"minecraft:golden_horse_armor":1,"minecraft:dripstone_block":2,"minecraft:cobblestone":15,"minecraft:golden_apple":1,"minecraft:stick":4,"minecraft:nether_wart_block":20,"minecraft:oak_stairs":3,"minecraft:string":24,"minecraft:bowl":2,"minecraft:tuff":1,"minecraft:chicken":1,"minecraft:andesite":9,"minecraft:carved_pumpkin":2},"minecraft:crafted":{"minecraft:brick":4,"minecraft:pink_terracotta":1,"minecraft:oak_planks":720,"minecraft:cobblestone_slab":66,"minecraft:dark_oak_boat":1,"minecraft:chain":2,"minecraft:cooked_chicken":12,"minecraft:cobblestone_stairs":1,"minecraft:cooked_mutton":16,"minecraft:green_dye":9,"minecraft:warped_planks":432,"minecraft:cake":1,"minecraft:glass":106,"minecraft:light_blue_terracotta":8,"minecraft:iron_boots":1,"minecraft:white_glazed_terracotta":6,"minecraft:cyan_terracotta":8,"minecraft:chest":24,"minecraft:birch_door":6,"minecraft:magenta_dye":1,"minecraft:oak_fence":147,"minecraft:smoker":1,"minecraft:glass_bottle":3,"minecraft:cooked_porkchop":1,"minecraft:crafting_table":10,"minecraft:iron_helmet":1,"minecraft:baked_potato":64,"minecraft:wooden_pickaxe":1,"minecraft:copper_ingot":32,"minecraft:birch_planks":84,"minecraft:pumpkin_seeds":4,"minecraft:campfire":8,"minecraft:dark_oak_slab":78,"minecraft:iron_chestplate":1,"minecraft:yellow_dye":2,"minecraft:chiseled_deepslate":1,"minecraft:warped_slab":6,"minecraft:stick":488,"minecraft:iron_ingot":146,"minecraft:light_blue_dye":1,"minecraft:iron_pickaxe":9,"minecraft:stone_sword":1,"minecraft:gold_ingot":3,"minecraft:sandstone":1,"minecraft:light_gray_dye":1,"minecraft:dark_oak_fence_gate":16,"minecraft:shears":2,"minecraft:fishing_rod":1,"minecraft:beehive":1,"minecraft:iron_nugget":360,"minecraft:crimson_trapdoor":4,"minecraft:furnace":3,"minecraft:dark_oak_trapdoor":2,"minecraft:mossy_cobblestone_stairs":1,"minecraft:jack_o_lantern":6,"minecraft:bone_meal":81,"minecraft:candle":4,"minecraft:glass_pane":128,"minecraft:scaffolding":12,"minecraft:lantern":44,"minecraft:dark_oak_fence":447,"minecraft:ladder":6,"minecraft:iron_axe":12,"minecraft:yellow_glazed_terracotta":17,"minecraft:stone_pickaxe":1,"minecraft:pink_glazed_terracotta":1,"minecraft:red_glazed_terracotta":1,"minecraft:dark_oak_planks":1264,"minecraft:lead":6,"minecraft:birch_sign":9,"minecraft:wheat":243,"minecraft:cooked_beef":17,"minecraft:sugar":49,"minecraft:red_dye":1,"minecraft:cyan_glazed_terracotta":1,"minecraft:crimson_planks":72,"minecraft:diamond_sword":1,"minecraft:cyan_dye":2,"minecraft:dark_oak_stairs":268,"minecraft:light_blue_glazed_terracotta":1,"minecraft:dried_kelp":6,"minecraft:iron_sword":2,"minecraft:blue_bed":1,"minecraft:bucket":1,"minecraft:deepslate_tiles":5,"minecraft:glowstone":6,"minecraft:orange_dye":2,"minecraft:bread":24,"minecraft:air":0,"minecraft:blue_dye":6,"minecraft:oak_fence_gate":1,"minecraft:oak_boat":1,"minecraft:white_dye":1,"minecraft:warped_fungus_on_a_stick":1,"minecraft:birch_trapdoor":10,"minecraft:crimson_fence":3,"minecraft:blue_wool":3,"minecraft:iron_shovel":2,"minecraft:deepslate_tile_stairs":12,"minecraft:iron_leggings":1,"minecraft:crimson_door":3,"minecraft:pumpkin_pie":47,"minecraft:torch":104},"minecraft:mined":{"minecraft:dark_oak_planks":132,"minecraft:spruce_planks":3,"minecraft:attached_melon_stem":2,"minecraft:farmland":10,"minecraft:cobblestone_stairs":63,"minecraft:brewing_stand":9,"minecraft:carved_pumpkin":12,"minecraft:granite":11,"minecraft:red_sand":3,"minecraft:grass_block":275,"minecraft:crimson_trapdoor":2,"minecraft:cracked_polished_blackstone_bricks":2,"minecraft:deepslate_tile_stairs":5,"minecraft:composter":4,"minecraft:crimson_fungus":2,"minecraft:oxeye_daisy":1,"minecraft:chiseled_stone_bricks":1,"minecraft:gilded_blackstone":2,"minecraft:spawner":2,"minecraft:polished_blackstone_bricks":3,"minecraft:weeping_vines_plant":1,"minecraft:tall_seagrass":9,"minecraft:dark_oak_trapdoor":3,"minecraft:glowstone":32,"minecraft:mossy_cobblestone_stairs":4,"minecraft:iron_ore":100,"minecraft:cobbled_deepslate":2,"minecraft:fire":7,"minecraft:moss_carpet":1,"minecraft:pumpkin":99,"minecraft:deepslate_lapis_ore":3,"minecraft:azure_bluet":1,"minecraft:dark_oak_stairs":41,"minecraft:twisting_vines":1,"minecraft:pointed_dripstone":5,"minecraft:water_cauldron":6,"minecraft:cave_vines":10,"minecraft:flowering_azalea_leaves":1,"minecraft:dirt_path":2,"minecraft:oak_stairs":67,"minecraft:birch_wall_sign":4,"minecraft:azalea":5,"minecraft:blue_orchid":39,"minecraft:brown_mushroom":5,"minecraft:blackstone":7,"minecraft:kelp_plant":1,"minecraft:twisting_vines_plant":4,"minecraft:crimson_nylium":1,"minecraft:smoker":1,"minecraft:orange_terracotta":6,"minecraft:cyan_glazed_terracotta":1,"minecraft:clay":4,"minecraft:torch":3,"minecraft:poppy":1,"minecraft:melon":3,"minecraft:chest":7,"minecraft:dead_bush":1,"minecraft:mushroom_stem":5,"minecraft:glass":1,"minecraft:cobblestone":222,"minecraft:nether_quartz_ore":15,"minecraft:grindstone":2,"minecraft:oak_planks":75,"minecraft:sugar_cane":50,"minecraft:wall_torch":7,"minecraft:cauldron":5,"minecraft:seagrass":3,"minecraft:white_terracotta":11,"minecraft:chain":4,"minecraft:warped_nylium":2,"minecraft:dark_oak_slab":6,"minecraft:nether_wart_block":203,"minecraft:warped_planks":67,"minecraft:birch_log":128,"minecraft:wheat":106,"minecraft:blue_ice":5,"minecraft:birch_trapdoor":15,"minecraft:lilac":1,"minecraft:warped_fungus":1,"minecraft:pumpkin_stem":3,"minecraft:birch_door":5,"minecraft:yellow_glazed_terracotta":36,"minecraft:grass":85,"minecraft:oak_log":303,"minecraft:beetroots":4,"minecraft:oak_fence_gate":5,"minecraft:dark_oak_sapling":6,"minecraft:sand":170,"minecraft:dirt":197,"minecraft:crimson_planks":58,"minecraft:red_mushroom_block":2,"minecraft:netherrack":29,"minecraft:oak_leaves":51,"minecraft:deepslate":227,"minecraft:attached_pumpkin_stem":1,"minecraft:yellow_terracotta":18,"minecraft:deepslate_tiles":126,"minecraft:tuff":5,"minecraft:mossy_cobblestone":93,"minecraft:dark_oak_leaves":27,"minecraft:deepslate_diamond_ore":7,"minecraft:candle":5,"minecraft:stripped_birch_log":3,"minecraft:dark_oak_log":744,"minecraft:jack_o_lantern":1,"minecraft:glow_lichen":1,"minecraft:dark_oak_fence":41,"minecraft:allium":11,"minecraft:crimson_roots":1,"minecraft:weeping_vines":1,"minecraft:spruce_leaves":3,"minecraft:kelp":3,"minecraft:moss_block":4,"minecraft:cartography_table":1,"minecraft:sandstone":2,"minecraft:crimson_stem":49,"minecraft:hay_block":48,"minecraft:spore_blossom":2,"minecraft:oxidized_cut_copper":1,"minecraft:furnace":8,"minecraft:carrots":51,"minecraft:andesite":54,"minecraft:dark_oak_fence_gate":4,"minecraft:peony":1,"minecraft:big_dripleaf_stem":2,"minecraft:white_glazed_terracotta":25,"minecraft:potatoes":23,"minecraft:shroomlight":19,"minecraft:deepslate_iron_ore":36,"minecraft:cobblestone_slab":164,"minecraft:vine":1,"minecraft:warped_stem":111,"minecraft:lantern":11,"minecraft:crimson_door":4,"minecraft:bamboo":1,"minecraft:white_tulip":3,"minecraft:stone":473,"minecraft:orange_glazed_terracotta":1,"minecraft:birch_stairs":1,"minecraft:scaffolding":11,"minecraft:flowering_azalea":11,"minecraft:glass_pane":40,"minecraft:lily_of_the_valley":2,"minecraft:brown_stained_glass_pane":1,"minecraft:stripped_dark_oak_log":153,"minecraft:dandelion":9,"minecraft:polished_granite":1,"minecraft:oak_fence":137,"minecraft:crafting_table":13,"minecraft:cornflower":5,"minecraft:warped_roots":1,"minecraft:copper_ore":20,"minecraft:tall_grass":18,"minecraft:lapis_ore":4,"minecraft:deepslate_gold_ore":3,"minecraft:diorite":1,"minecraft:blue_bed":2,"minecraft:big_dripleaf":2,"minecraft:warped_wart_block":428,"minecraft:birch_planks":7,"minecraft:cactus":5,"minecraft:red_terracotta":6,"minecraft:beehive":5,"minecraft:ice":116,"minecraft:birch_leaves":1,"minecraft:white_wall_banner":3,"minecraft:bee_nest":1,"minecraft:yellow_bed":1,"minecraft:coal_ore":126,"minecraft:gravel":5,"minecraft:dripstone_block":8,"minecraft:cobweb":20,"minecraft:brown_terracotta":9,"minecraft:terracotta":43,"minecraft:birch_sign":1,"minecraft:small_dripleaf":3,"minecraft:crimson_fence":6,"minecraft:fern":2},"minecraft:picked_up":{"minecraft:birch_door":7,"minecraft:wheat":76,"minecraft:lead":11,"minecraft:oak_stairs":64,"minecraft:gilded_blackstone":2,"minecraft:crimson_planks":60,"minecraft:brewing_stand":9,"minecraft:string":31,"minecraft:dark_oak_trapdoor":3,"minecraft:raw_copper":68,"minecraft:orange_glazed_terracotta":1,"minecraft:shroomlight":17,"minecraft:beetroot":2,"minecraft:deepslate_tiles":123,"minecraft:red_sand":3,"minecraft:cobbled_deepslate":219,"minecraft:crimson_fence":6,"minecraft:dark_oak_leaves":13,"minecraft:white_tulip":3,"minecraft:cobblestone_slab":176,"minecraft:azalea":6,"minecraft:iron_pickaxe":2,"minecraft:melon_slice":17,"minecraft:furnace":8,"minecraft:beehive":5,"minecraft:white_glazed_terracotta":25,"minecraft:stick":146,"minecraft:big_dripleaf":10,"minecraft:composter":4,"minecraft:birch_trapdoor":15,"minecraft:brown_terracotta":9,"minecraft:oak_fence":137,"minecraft:torch":18,"minecraft:porkchop":4,"minecraft:pointed_dripstone":6,"minecraft:diorite":1,"minecraft:warped_planks":68,"minecraft:deepslate_tile_stairs":5,"minecraft:cauldron":11,"minecraft:cactus":9,"minecraft:rotten_flesh":71,"minecraft:carved_pumpkin":12,"minecraft:white_terracotta":11,"minecraft:obsidian":2,"minecraft:cod":1,"minecraft:cobblestone":655,"minecraft:birch_log":128,"minecraft:cooked_beef":1,"minecraft:feather":14,"minecraft:lilac":2,"minecraft:andesite":56,"minecraft:dark_oak_boat":15,"minecraft:smoker":1,"minecraft:potato":69,"minecraft:tuff":3,"minecraft:lapis_lazuli":38,"minecraft:stripped_birch_log":3,"minecraft:dirt":494,"minecraft:lantern":17,"minecraft:bone":34,"minecraft:bow":1,"minecraft:wheat_seeds":251,"minecraft:raw_gold":3,"minecraft:grindstone":2,"minecraft:bamboo":13,"minecraft:glowstone_dust":88,"minecraft:moss_block":3,"minecraft:oak_planks":78,"minecraft:honeycomb":12,"minecraft:warped_wart_block":386,"minecraft:sand":151,"minecraft:crimson_door":5,"minecraft:lily_of_the_valley":2,"minecraft:dark_oak_log":681,"minecraft:red_terracotta":6,"minecraft:mossy_cobblestone":92,"minecraft:diamond":9,"minecraft:cracked_polished_blackstone_bricks":2,"minecraft:granite":8,"minecraft:grass":1,"minecraft:bone_meal":4,"minecraft:golden_apple":1,"minecraft:jack_o_lantern":1,"minecraft:oak_sapling":126,"minecraft:netherrack":20,"minecraft:dark_oak_fence":41,"minecraft:oak_leaves":1,"minecraft:crimson_roots":1,"minecraft:crafting_table":12,"minecraft:allium":10,"minecraft:azure_bluet":1,"minecraft:chicken":17,"minecraft:clay_ball":16,"minecraft:brown_mushroom":5,"minecraft:crimson_trapdoor":2,"minecraft:chain":4,"minecraft:cornflower":5,"minecraft:moss_carpet":1,"minecraft:blackstone":6,"minecraft:blue_orchid":39,"minecraft:cartography_table":1,"minecraft:candle":9,"minecraft:beef":19,"minecraft:minecart":4,"minecraft:iron_nugget":6,"minecraft:poppy":1,"minecraft:sugar_cane":81,"minecraft:chest":7,"minecraft:birch_sapling":24,"minecraft:phantom_membrane":1,"minecraft:egg":107,"minecraft:dark_oak_sapling":76,"minecraft:raw_iron":134,"minecraft:sandstone":2,"minecraft:bowl":1,"minecraft:cyan_glazed_terracotta":1,"minecraft:polished_blackstone_bricks":3,"minecraft:carrot":149,"minecraft:dark_oak_planks":160,"minecraft:arrow":22,"minecraft:weeping_vines":19,"minecraft:beetroot_seeds":6,"minecraft:peony":1,"minecraft:hay_block":45,"minecraft:yellow_terracotta":17,"minecraft:glow_berries":5,"minecraft:mutton":18,"minecraft:bone_block":9,"minecraft:white_wool":11,"minecraft:oxeye_daisy":1,"minecraft:glow_ink_sac":9,"minecraft:crimson_stem":47,"minecraft:salmon":3,"minecraft:leather":13,"minecraft:birch_planks":8,"minecraft:crimson_fungus":3,"minecraft:oak_log":333,"minecraft:yellow_glazed_terracotta":36,"minecraft:yellow_bed":1,"minecraft:nether_wart_block":150,"minecraft:gunpowder":3,"minecraft:cobblestone_stairs":62,"minecraft:blue_bed":2,"minecraft:white_banner":2,"minecraft:orange_terracotta":6,"minecraft:apple":22,"minecraft:kelp":13,"minecraft:warped_stem":108,"minecraft:rabbit_hide":1,"minecraft:spore_blossom":2,"minecraft:iron_ingot":2,"minecraft:oak_fence_gate":5,"minecraft:stone_pickaxe":1,"minecraft:cobweb":2,"minecraft:flowering_azalea":11,"minecraft:oxidized_cut_copper":1,"minecraft:dark_oak_stairs":103,"minecraft:scaffolding":43,"minecraft:warped_fungus":1,"minecraft:dark_oak_slab":8,"minecraft:pumpkin":99,"minecraft:sweet_berries":7,"minecraft:quartz":15,"minecraft:dandelion":8,"minecraft:dripstone_block":2,"minecraft:gravel":2,"minecraft:birch_stairs":2,"minecraft:dark_oak_fence_gate":4,"minecraft:spider_eye":3,"minecraft:pumpkin_seeds":42,"minecraft:slime_ball":5,"minecraft:birch_sign":6,"minecraft:mossy_cobblestone_stairs":4,"minecraft:gray_wool":1,"minecraft:warped_roots":4,"minecraft:terracotta":43,"minecraft:melon_seeds":5,"minecraft:black_wool":2,"minecraft:stripped_dark_oak_log":153,"minecraft:coal":139,"minecraft:ender_pearl":2},"minecraft:broken":{"minecraft:golden_helmet":1,"minecraft:iron_shovel":1,"minecraft:golden_boots":1,"minecraft:iron_boots":1,"minecraft:golden_shovel":1,"minecraft:golden_leggings":1,"minecraft:stone_pickaxe":2,"minecraft:golden_sword":1,"minecraft:iron_sword":2,"minecraft:stone_sword":1,"minecraft:wooden_pickaxe":1,"minecraft:golden_axe":2,"minecraft:iron_axe":12,"minecraft:iron_pickaxe":8,"minecraft:iron_helmet":1}},"DataVersion":3218}